FIPS,State,Area_Name,Rural-urban_Continuum Code_2003,Rural-urban_Continuum Code_2013,Urban_Influence_Code_2003,Urban_Influence_Code_2013,Economic_typology_2015,CENSUS_2010_POP,ESTIMATES_BASE_2010,POP_ESTIMATE_2010,POP_ESTIMATE_2011,POP_ESTIMATE_2012,POP_ESTIMATE_2013,POP_ESTIMATE_2014,POP_ESTIMATE_2015,POP_ESTIMATE_2016,POP_ESTIMATE_2017,POP_ESTIMATE_2018,N_POP_CHG_2010,N_POP_CHG_2011,N_POP_CHG_2012,N_POP_CHG_2013,N_POP_CHG_2014,N_POP_CHG_2015,N_POP_CHG_2016,N_POP_CHG_2017,N_POP_CHG_2018,Births_2010,Births_2011,Births_2012,Births_2013,Births_2014,Births_2015,Births_2016,Births_2017,Births_2018,Deaths_2010,Deaths_2011,Deaths_2012,Deaths_2013,Deaths_2014,Deaths_2015,Deaths_2016,Deaths_2017,Deaths_2018,NATURAL_INC_2010,NATURAL_INC_2011,NATURAL_INC_2012,NATURAL_INC_2013,NATURAL_INC_2014,NATURAL_INC_2015,NATURAL_INC_2016,NATURAL_INC_2017,NATURAL_INC_2018,INTERNATIONAL_MIG_2010,INTERNATIONAL_MIG_2011,INTERNATIONAL_MIG_2012,INTERNATIONAL_MIG_2013,INTERNATIONAL_MIG_2014,INTERNATIONAL_MIG_2015,INTERNATIONAL_MIG_2016,INTERNATIONAL_MIG_2017,INTERNATIONAL_MIG_2018,DOMESTIC_MIG_2010,DOMESTIC_MIG_2011,DOMESTIC_MIG_2012,DOMESTIC_MIG_2013,DOMESTIC_MIG_2014,DOMESTIC_MIG_2015,DOMESTIC_MIG_2016,DOMESTIC_MIG_2017,DOMESTIC_MIG_2018,NET_MIG_2010,NET_MIG_2011,NET_MIG_2012,NET_MIG_2013,NET_MIG_2014,NET_MIG_2015,NET_MIG_2016,NET_MIG_2017,NET_MIG_2018,RESIDUAL_2010,RESIDUAL_2011,RESIDUAL_2012,RESIDUAL_2013,RESIDUAL_2014,RESIDUAL_2015,RESIDUAL_2016,RESIDUAL_2017,RESIDUAL_2018,GQ_ESTIMATES_BASE_2010,GQ_ESTIMATES_2010,GQ_ESTIMATES_2011,GQ_ESTIMATES_2012,GQ_ESTIMATES_2013,GQ_ESTIMATES_2014,GQ_ESTIMATES_2015,GQ_ESTIMATES_2016,GQ_ESTIMATES_2017,GQ_ESTIMATES_2018,R_birth_2011,R_birth_2012,R_birth_2013,R_birth_2014,R_birth_2015,R_birth_2016,R_birth_2017,R_birth_2018,R_death_2011,R_death_2012,R_death_2013,R_death_2014,R_death_2015,R_death_2016,R_death_2017,R_death_2018,R_NATURAL_INC_2011,R_NATURAL_INC_2012,R_NATURAL_INC_2013,R_NATURAL_INC_2014,R_NATURAL_INC_2015,R_NATURAL_INC_2016,R_NATURAL_INC_2017,R_NATURAL_INC_2018,R_INTERNATIONAL_MIG_2011,R_INTERNATIONAL_MIG_2012,R_INTERNATIONAL_MIG_2013,R_INTERNATIONAL_MIG_2014,R_INTERNATIONAL_MIG_2015,R_INTERNATIONAL_MIG_2016,R_INTERNATIONAL_MIG_2017,R_INTERNATIONAL_MIG_2018,R_DOMESTIC_MIG_2011,R_DOMESTIC_MIG_2012,R_DOMESTIC_MIG_2013,R_DOMESTIC_MIG_2014,R_DOMESTIC_MIG_2015,R_DOMESTIC_MIG_2016,R_DOMESTIC_MIG_2017,R_DOMESTIC_MIG_2018,R_NET_MIG_2011,R_NET_MIG_2012,R_NET_MIG_2013,R_NET_MIG_2014,R_NET_MIG_2015,R_NET_MIG_2016,R_NET_MIG_2017,R_NET_MIG_2018
18001,IN,Adams County,6,6,5,5,3,"34,387","34,387","34,451","34,374","34,408","34,654","34,768","34,958","35,192","35,422","35,636",64,-77,34,246,114,190,234,230,214,183,635,679,676,701,650,669,673,668,59,316,316,314,310,325,315,286,259,124,319,363,362,391,325,354,387,409,1,9,8,8,3,3,7,5,5,-63,-410,-342,-122,-284,-134,-126,-162,-199,-62,-401,-334,-114,-281,-131,-119,-157,-194,2,5,5,-2,4,-4,-1,0,-1,421,421,421,421,421,421,421,421,421,421,18.5,19.7,19.6,20.2,18.6,19.1,19.1,18.8,9.2,9.2,9.1,8.9,9.3,9,8.1,7.3,9.3,10.6,10.5,11.3,9.3,10.1,11,11.5,0.3,0.2,0.2,0.1,0.1,0.2,0.1,0.1,-11.9,-9.9,-3.5,-8.2,-3.8,-3.6,-4.6,-5.6,-11.7,-9.7,-3.3,-8.1,-3.8,-3.4,-4.4,-5.5
18003,IN,Allen County,2,2,2,2,0,"355,329","355,335","355,939","358,919","360,883","363,384","365,199","367,543","369,778","372,210","375,351",604,"2,980","1,964","2,501","1,815","2,344","2,235","2,432","3,141","1,345","5,261","5,206","5,180","5,143","5,274","5,209","5,109","5,054",580,"2,846","2,928","3,023","3,032","3,231","3,222","3,237","3,135",765,"2,415","2,278","2,157","2,111","2,043","1,987","1,872","1,919",186,785,782,616,543,517,829,550,553,-332,-171,"-1,061",-226,-789,-164,-566,26,691,-146,614,-279,390,-246,353,263,576,"1,244",-15,-49,-35,-46,-50,-52,-15,-16,-22,"6,105","6,105","6,106","6,108","6,108","6,109","6,110","6,104","6,109","6,110",14.7,14.5,14.3,14.1,14.4,14.1,13.8,13.5,8,8.1,8.3,8.3,8.8,8.7,8.7,8.4,6.8,6.3,6,5.8,5.6,5.4,5,5.1,2.2,2.2,1.7,1.5,1.4,2.2,1.5,1.5,-0.5,-2.9,-0.6,-2.2,-0.4,-1.5,0.1,1.8,1.7,-0.8,1.1,-0.7,1,0.7,1.6,3.3
18005,IN,Bartholomew County,3,3,2,2,3,"76,794","76,786","76,820","77,614","78,999","79,655","80,499","81,473","82,313","82,429","82,753",34,794,"1,385",656,844,974,840,116,324,247,981,"1,067","1,049","1,094","1,084","1,091","1,053","1,044",206,712,704,680,771,742,735,743,723,41,269,363,369,323,342,356,310,321,69,260,318,301,416,424,648,444,444,-71,270,689,-2,123,211,-161,-637,-443,-2,530,"1,007",299,539,635,487,-193,1,-5,-5,15,-12,-18,-3,-3,-1,2,"1,147","1,147","1,147","1,147","1,147","1,147","1,147","1,147","1,147","1,148",12.7,13.6,13.2,13.7,13.4,13.3,12.8,12.6,9.2,9,8.6,9.6,9.2,9,9,8.8,3.5,4.6,4.7,4,4.2,4.3,3.8,3.9,3.4,4.1,3.8,5.2,5.2,7.9,5.4,5.4,3.5,8.8,0,1.5,2.6,-2,-7.7,-5.4,6.9,12.9,3.8,6.7,7.8,5.9,-2.3,0
18007,IN,Benton County,3,3,2,2,1,"8,854","8,836","8,863","8,855","8,820","8,746","8,718","8,690","8,656","8,617","8,653",27,-8,-35,-74,-28,-28,-34,-39,36,20,97,97,104,116,112,110,107,112,14,82,78,99,87,94,84,77,79,6,15,19,5,29,18,26,30,33,0,0,5,1,2,1,2,1,1,21,-22,-60,-79,-63,-47,-63,-71,4,21,-22,-55,-78,-61,-46,-61,-70,5,0,-1,1,-1,4,0,1,1,-2,92,92,92,92,92,92,92,92,92,92,10.9,11,11.8,13.3,12.9,12.7,12.4,13,9.3,8.8,11.3,10,10.8,9.7,8.9,9.1,1.7,2.1,0.6,3.3,2.1,3,3.5,3.8,0,0.6,0.1,0.2,0.1,0.2,0.1,0.1,-2.5,-6.8,-9,-7.2,-5.4,-7.3,-8.2,0.5,-2.5,-6.2,-8.9,-7,-5.3,-7,-8.1,0.6
18009,IN,Blackford County,6,6,6,6,3,"12,766","12,766","12,771","12,654","12,528","12,458","12,346","12,237","12,105","12,027","11,930",5,-117,-126,-70,-112,-109,-132,-78,-97,33,146,144,138,127,149,128,123,128,22,146,137,143,172,175,162,154,162,11,0,7,-5,-45,-26,-34,-31,-34,1,6,9,-1,3,5,5,4,4,-7,-124,-146,-65,-71,-88,-102,-51,-67,-6,-118,-137,-66,-68,-83,-97,-47,-63,0,1,4,1,1,0,-1,0,0,163,163,163,163,163,163,163,163,163,163,11.5,11.4,11,10.2,12.1,10.5,10.2,10.7,11.5,10.9,11.4,13.9,14.2,13.3,12.8,13.5,0,0.6,-0.4,-3.6,-2.1,-2.8,-2.6,-2.8,0.5,0.7,-0.1,0.2,0.4,0.4,0.3,0.3,-9.8,-11.6,-5.2,-5.7,-7.2,-8.4,-4.2,-5.6,-9.3,-10.9,-5.3,-5.5,-6.8,-8,-3.9,-5.3
18011,IN,Boone County,1,1,1,1,0,"56,640","56,638","56,914","57,905","59,026","60,342","61,625","63,028","64,168","65,786","66,999",276,991,"1,121","1,316","1,283","1,403","1,140","1,618","1,213",162,696,702,727,757,768,795,844,841,88,436,478,528,506,537,531,499,467,74,260,224,199,251,231,264,345,374,18,46,52,39,42,27,51,30,30,177,680,836,"1,061",979,"1,135",824,"1,242",810,195,726,888,"1,100","1,021","1,162",875,"1,272",840,7,5,9,17,11,10,1,1,-1,574,574,574,574,574,574,574,574,574,574,12.1,12,12.2,12.4,12.3,12.5,13,12.7,7.6,8.2,8.8,8.3,8.6,8.3,7.7,7,4.5,3.8,3.3,4.1,3.7,4.2,5.3,5.6,0.8,0.9,0.7,0.7,0.4,0.8,0.5,0.5,11.8,14.3,17.8,16.1,18.2,13,19.1,12.2,12.6,15.2,18.4,16.7,18.6,13.8,19.6,12.7
18013,IN,Brown County,1,1,1,1,5,"15,242","15,245","15,207","15,075","15,048","15,055","14,944","14,995","15,000","14,999","15,234",-38,-132,-27,7,-111,51,5,-1,235,19,109,124,128,108,110,117,109,107,54,138,154,150,140,147,180,156,151,-35,-29,-30,-22,-32,-37,-63,-47,-44,1,-3,-5,-1,-2,-1,0,0,0,-2,-99,9,31,-77,90,68,46,279,-1,-102,4,30,-79,89,68,46,279,-2,-1,-1,-1,0,-1,0,0,0,163,163,163,163,163,163,163,163,163,163,7.2,8.2,8.5,7.2,7.3,7.8,7.3,7.1,9.1,10.2,10,9.3,9.8,12,10.4,10,-1.9,-2,-1.5,-2.1,-2.5,-4.2,-3.1,-2.9,-0.2,-0.3,-0.1,-0.1,-0.1,0,0,0,-6.5,0.6,2.1,-5.1,6,4.5,3.1,18.5,-6.7,0.3,2,-5.3,5.9,4.5,3.1,18.5
18015,IN,Carroll County,3,3,2,2,3,"20,155","20,155","20,194","20,036","20,106","20,110","19,949","19,882","19,960","20,050","20,127",39,-158,70,4,-161,-67,78,90,77,68,205,205,234,226,194,205,215,210,30,192,154,177,176,204,176,192,192,38,13,51,57,50,-10,29,23,18,1,-3,8,3,6,4,6,4,3,1,-169,10,-54,-220,-58,43,63,58,2,-172,18,-51,-214,-54,49,67,61,-1,1,1,-2,3,-3,0,0,-2,106,106,106,106,106,106,106,106,106,106,10.2,10.2,11.6,11.3,9.7,10.3,10.7,10.5,9.5,7.7,8.8,8.8,10.2,8.8,9.6,9.6,0.6,2.5,2.8,2.5,-0.5,1.5,1.1,0.9,-0.1,0.4,0.1,0.3,0.2,0.3,0.2,0.1,-8.4,0.5,-2.7,-11,-2.9,2.2,3.1,2.9,-8.6,0.9,-2.5,-10.7,-2.7,2.5,3.3,3
18017,IN,Cass County,4,4,5,5,3,"38,966","38,966","38,980","38,909","38,769","38,590","38,495","38,114","37,953","37,905","37,955",14,-71,-140,-179,-95,-381,-161,-48,50,107,511,504,506,472,503,490,479,466,66,340,403,393,395,427,396,425,409,41,171,101,113,77,76,94,54,57,24,64,110,106,83,59,116,88,89,-50,-309,-354,-403,-259,-521,-373,-189,-97,-26,-245,-244,-297,-176,-462,-257,-101,-8,-1,3,3,5,4,5,2,-1,1,"1,066","1,073","1,062","1,078","1,056","1,053","1,031","1,042","1,055","1,047",13.1,13,13.1,12.2,13.1,12.9,12.6,12.3,8.7,10.4,10.2,10.2,11.1,10.4,11.2,10.8,4.4,2.6,2.9,2,2,2.5,1.4,1.5,1.6,2.8,2.7,2.2,1.5,3,2.3,2.3,-7.9,-9.1,-10.4,-6.7,-13.6,-9.8,-5,-2.6,-6.3,-6.3,-7.7,-4.6,-12.1,-6.8,-2.7,-0.2
18019,IN,Clark County,1,1,1,1,0,"110,232","110,228","110,572","111,487","111,857","112,697","114,047","114,831","115,598","116,672","117,360",344,915,370,840,"1,350",784,767,"1,074",688,342,"1,441","1,465","1,459","1,482","1,471","1,473","1,440","1,432",245,"1,016","1,086","1,153","1,120","1,182","1,269","1,172","1,184",97,425,379,306,362,289,204,268,248,25,75,96,51,37,-15,39,31,31,213,423,-85,482,939,516,526,774,410,238,498,11,533,976,501,565,805,441,9,-8,-20,1,12,-6,-2,1,-1,"1,515","1,515","1,482","1,515","1,462","1,491","1,465","1,328","1,327","1,326",13,13.1,13,13.1,12.9,12.8,12.4,12.2,9.2,9.7,10.3,9.9,10.3,11,10.1,10.1,3.8,3.4,2.7,3.2,2.5,1.8,2.3,2.1,0.7,0.9,0.5,0.3,-0.1,0.3,0.3,0.3,3.8,-0.8,4.3,8.3,4.5,4.6,6.7,3.5,4.5,0.1,4.7,8.6,4.4,4.9,6.9,3.8
18021,IN,Clay County,3,3,2,2,3,"26,890","26,884","26,851","26,831","26,784","26,658","26,424","26,390","26,200","26,155","26,170",-33,-20,-47,-126,-234,-34,-190,-45,15,69,326,319,299,317,322,330,310,299,79,293,292,285,290,342,293,314,286,-10,33,27,14,27,-20,37,-4,13,2,-1,-1,-1,-1,-1,-1,-1,-1,-23,-51,-72,-140,-262,-10,-226,-40,5,-21,-52,-73,-141,-263,-11,-227,-41,4,-2,-1,-1,1,2,-3,0,0,-2,341,341,341,341,341,341,341,341,341,341,12.1,11.9,11.2,11.9,12.2,12.5,11.8,11.4,10.9,10.9,10.7,10.9,13,11.1,12,10.9,1.2,1,0.5,1,-0.8,1.4,-0.2,0.5,0,0,0,0,0,0,0,0,-1.9,-2.7,-5.2,-9.9,-0.4,-8.6,-1.5,0.2,-1.9,-2.7,-5.3,-9.9,-0.4,-8.6,-1.6,0.2
18023,IN,Clinton County,6,6,5,3,3,"33,224","33,219","33,221","33,032","32,890","32,773","32,471","32,381","32,198","32,207","32,250",2,-189,-142,-117,-302,-90,-183,9,43,112,431,418,467,423,490,455,436,440,64,340,368,381,347,388,389,331,321,48,91,50,86,76,102,66,105,119,10,24,33,16,-2,-2,3,-2,4,-57,-310,-227,-221,-384,-189,-252,-92,-81,-47,-286,-194,-205,-386,-191,-249,-94,-77,1,6,2,2,8,-1,0,-2,1,830,830,830,830,830,830,830,830,831,831,13,12.7,14.2,13,15.1,14.1,13.5,13.7,10.3,11.2,11.6,10.6,12,12,10.3,10,2.7,1.5,2.6,2.3,3.1,2,3.3,3.7,0.7,1,0.5,-0.1,-0.1,0.1,-0.1,0.1,-9.4,-6.9,-6.7,-11.8,-5.8,-7.8,-2.9,-2.5,-8.6,-5.9,-6.2,-11.8,-5.9,-7.7,-2.9,-2.4
18025,IN,Crawford County,8,8,4,4,0,"10,713","10,713","10,710","10,622","10,670","10,621","10,670","10,557","10,582","10,536","10,558",-3,-88,48,-49,49,-113,25,-46,22,29,100,122,101,126,135,110,96,98,46,110,99,130,109,109,116,115,120,-17,-10,23,-29,17,26,-6,-19,-22,0,0,0,0,0,0,0,0,0,14,-79,27,-20,33,-140,31,-26,43,14,-79,27,-20,33,-140,31,-26,43,0,1,-2,0,-1,1,0,-1,1,62,62,62,62,62,62,62,62,62,62,9.4,11.5,9.5,11.8,12.7,10.4,9.1,9.3,10.3,9.3,12.2,10.2,10.3,11,10.9,11.4,-0.9,2.2,-2.7,1.6,2.4,-0.6,-1.8,-2.1,0,0,0,0,0,0,0,0,-7.4,2.5,-1.9,3.1,-13.2,2.9,-2.5,4.1,-7.4,2.5,-1.9,3.1,-13.2,2.9,-2.5,4.1
18027,IN,Daviess County,7,7,8,8,0,"31,648","31,654","31,720","31,948","32,117","32,282","32,681","32,811","32,972","33,074","33,147",66,228,169,165,399,130,161,102,73,144,522,535,524,533,543,526,520,522,92,329,351,327,333,348,323,322,333,52,193,184,197,200,195,203,198,189,7,28,16,13,1,-4,0,0,0,11,11,-32,-42,200,-57,-40,-95,-116,18,39,-16,-29,201,-61,-40,-95,-116,-4,-4,1,-3,-2,-4,-2,-1,0,581,581,581,581,581,581,581,581,581,581,16.4,16.7,16.3,16.4,16.6,16,15.7,15.8,10.3,11,10.2,10.3,10.6,9.8,9.8,10.1,6.1,5.7,6.1,6.2,6,6.2,6,5.7,0.9,0.5,0.4,0,-0.1,0,0,0,0.3,-1,-1.3,6.2,-1.7,-1.2,-2.9,-3.5,1.2,-0.5,-0.9,6.2,-1.9,-1.2,-2.9,-3.5
18029,IN,Dearborn County,1,1,1,1,5,"50,047","50,033","50,089","49,985","49,727","49,740","49,420","49,453","49,434","49,629","49,568",56,-104,-258,13,-320,33,-19,195,-61,128,550,529,514,510,506,518,498,497,75,465,459,430,432,474,484,487,457,53,85,70,84,78,32,34,11,40,3,-13,-9,-14,-20,-12,-10,-14,-14,6,-175,-321,-56,-381,18,-40,202,-84,9,-188,-330,-70,-401,6,-50,188,-98,-6,-1,2,-1,3,-5,-3,-4,-3,530,530,530,530,530,530,530,530,530,530,11,10.6,10.3,10.3,10.2,10.5,10.1,10,9.3,9.2,8.6,8.7,9.6,9.8,9.8,9.2,1.7,1.4,1.7,1.6,0.6,0.7,0.2,0.8,-0.3,-0.2,-0.3,-0.4,-0.2,-0.2,-0.3,-0.3,-3.5,-6.4,-1.1,-7.7,0.4,-0.8,4.1,-1.7,-3.8,-6.6,-1.4,-8.1,0.1,-1,3.8,-2
18031,IN,Decatur County,6,6,3,3,3,"25,740","25,739","25,798","25,898","26,041","26,234","26,414","26,336","26,562","26,652","26,794",59,100,143,193,180,-78,226,90,142,74,317,291,368,343,341,366,378,366,29,257,246,293,259,240,292,273,276,45,60,45,75,84,101,74,105,90,10,37,25,36,8,10,18,10,10,6,6,77,86,91,-188,136,-23,43,16,43,102,122,99,-178,154,-13,53,-2,-3,-4,-4,-3,-1,-2,-2,-1,377,377,377,377,377,377,377,377,377,377,12.3,11.2,14.1,13,12.9,13.8,14.2,13.7,9.9,9.5,11.2,9.8,9.1,11,10.3,10.3,2.3,1.7,2.9,3.2,3.8,2.8,3.9,3.4,1.4,1,1.4,0.3,0.4,0.7,0.4,0.4,0.2,3,3.3,3.5,-7.1,5.1,-0.9,1.6,1.7,3.9,4.7,3.8,-6.7,5.8,-0.5,2
18033,IN,DeKalb County,4,4,5,5,3,"42,223","42,229","42,309","42,462","42,297","42,339","42,398","42,460","42,612","42,822","43,226",80,153,-165,42,59,62,152,210,404,156,517,520,496,520,562,534,542,533,68,389,364,399,407,451,407,428,412,88,128,156,97,113,111,127,114,121,4,10,0,-3,-10,-11,-10,-11,-11,-9,19,-324,-48,-36,-33,37,108,295,-5,29,-324,-51,-46,-44,27,97,284,-3,-4,3,-4,-8,-5,-2,-1,-1,615,615,615,615,615,615,615,615,615,615,12.2,12.3,11.7,12.3,13.2,12.6,12.7,12.4,9.2,8.6,9.4,9.6,10.6,9.6,10,9.6,3,3.7,2.3,2.7,2.6,3,2.7,2.8,0.2,0,-0.1,-0.2,-0.3,-0.2,-0.3,-0.3,0.4,-7.6,-1.1,-0.8,-0.8,0.9,2.5,6.9,0.7,-7.6,-1.2,-1.1,-1,0.6,2.3,6.6
18035,IN,Delaware County,3,3,2,2,4,"117,671","117,664","117,652","117,878","117,007","116,817","116,476","115,765","115,676","115,389","114,772",-12,226,-871,-190,-341,-711,-89,-287,-617,322,"1,264","1,221","1,294","1,237","1,186","1,182","1,183","1,139",263,"1,166","1,233","1,253","1,187","1,236","1,219","1,254","1,187",59,98,-12,41,50,-50,-37,-71,-48,33,145,170,145,161,116,190,138,145,-93,0,"-1,042",-366,-547,-779,-235,-354,-716,-60,145,-872,-221,-386,-663,-45,-216,-571,-11,-17,13,-10,-5,2,-7,0,2,"8,830","8,830","9,129","8,805","8,644","8,563","8,409","8,745","8,872","8,885",10.7,10.4,11.1,10.6,10.2,10.2,10.2,9.9,9.9,10.5,10.7,10.2,10.6,10.5,10.9,10.3,0.8,-0.1,0.4,0.4,-0.4,-0.3,-0.6,-0.4,1.2,1.4,1.2,1.4,1,1.6,1.2,1.3,0,-8.9,-3.1,-4.7,-6.7,-2,-3.1,-6.2,1.2,-7.4,-1.9,-3.3,-5.7,-0.4,-1.9,-5
18037,IN,Dubois County,7,5,8,8,3,"41,889","41,888","41,906","42,156","42,080","42,277","42,297","42,315","42,421","42,491","42,565",18,250,-76,197,20,18,106,70,74,126,506,508,538,541,571,570,566,559,65,401,411,378,415,422,399,405,406,61,105,97,160,126,149,171,161,153,14,40,41,41,57,41,63,44,43,-60,111,-213,1,-160,-171,-127,-133,-122,-46,151,-172,42,-103,-130,-64,-89,-79,3,-6,-1,-5,-3,-1,-1,-2,0,893,893,893,893,893,893,893,893,894,894,12,12.1,12.8,12.8,13.5,13.5,13.3,13.1,9.5,9.8,9,9.8,10,9.4,9.5,9.5,2.5,2.3,3.8,3,3.5,4,3.8,3.6,1,1,1,1.3,1,1.5,1,1,2.6,-5.1,0,-3.8,-4,-3,-3.1,-2.9,3.6,-4.1,1,-2.4,-3.1,-1.5,-2.1,-1.9
18039,IN,Elkhart County,3,3,2,2,3,"197,559","197,559","197,444","198,267","198,980","200,231","201,476","203,024","203,652","204,310","205,560",-115,823,713,"1,251","1,245","1,548",628,658,"1,250",737,"3,053","2,985","3,021","3,041","3,183","3,159","3,063","3,054",318,"1,515","1,661","1,653","1,620","1,728","1,690","1,694","1,665",419,"1,538","1,324","1,368","1,421","1,455","1,469","1,369","1,389",5,-17,77,104,103,29,158,100,131,-564,-697,-676,-202,-247,88,-996,-807,-265,-559,-714,-599,-98,-144,117,-838,-707,-134,25,-1,-12,-19,-32,-24,-3,-4,-5,"3,804","3,804","3,767","3,758","3,708","3,679","3,649","3,646","3,668","3,669",15.4,15,15.1,15.1,15.7,15.5,15,14.9,7.7,8.4,8.3,8.1,8.5,8.3,8.3,8.1,7.8,6.7,6.9,7.1,7.2,7.2,6.7,6.8,-0.1,0.4,0.5,0.5,0.1,0.8,0.5,0.6,-3.5,-3.4,-1,-1.2,0.4,-4.9,-4,-1.3,-3.6,-3,-0.5,-0.7,0.6,-4.1,-3.5,-0.7
18041,IN,Fayette County,7,6,8,3,0,"24,277","24,301","24,326","24,150","23,949","23,829","23,444","23,393","23,257","23,153","23,047",25,-176,-201,-120,-385,-51,-136,-104,-106,63,233,234,265,238,248,234,213,210,53,322,307,344,299,311,313,318,285,10,-89,-73,-79,-61,-63,-79,-105,-75,0,0,3,8,6,7,14,11,11,17,-86,-130,-45,-336,9,-69,-8,-41,17,-86,-127,-37,-330,16,-55,3,-30,-2,-1,-1,-4,6,-4,-2,-2,-1,392,392,392,392,392,392,392,392,392,392,9.6,9.7,11.1,10.1,10.6,10,9.2,9.1,13.3,12.8,14.4,12.6,13.3,13.4,13.7,12.3,-3.7,-3,-3.3,-2.6,-2.7,-3.4,-4.5,-3.2,0,0.1,0.3,0.3,0.3,0.6,0.5,0.5,-3.5,-5.4,-1.9,-14.2,0.4,-3,-0.3,-1.8,-3.5,-5.3,-1.5,-14,0.7,-2.4,0.1,-1.3
18043,IN,Floyd County,1,1,1,1,0,"74,578","74,579","74,710","74,969","75,254","76,017","76,097","76,499","76,697","76,970","77,781",131,259,285,763,80,402,198,273,811,261,870,897,845,919,861,913,914,889,130,718,729,736,739,766,726,805,754,131,152,168,109,180,95,187,109,135,1,-10,13,22,23,-4,20,9,11,6,124,115,626,-118,323,-5,157,667,7,114,128,648,-95,319,15,166,678,-7,-7,-11,6,-5,-12,-4,-2,-2,"1,329","1,329","1,329","1,329","1,329","1,329","1,329","1,329","1,330","1,330",11.6,11.9,11.2,12.1,11.3,11.9,11.9,11.5,9.6,9.7,9.7,9.7,10,9.5,10.5,9.7,2,2.2,1.4,2.4,1.2,2.4,1.4,1.7,-0.1,0.2,0.3,0.3,-0.1,0.3,0.1,0.1,1.7,1.5,8.3,-1.6,4.2,-0.1,2,8.6,1.5,1.7,8.6,-1.2,4.2,0.2,2.2,8.8
18045,IN,Fountain County,6,6,6,6,3,"17,240","17,240","17,275","17,153","17,114","16,880","16,690","16,531","16,449","16,410","16,351",35,-122,-39,-234,-190,-159,-82,-39,-59,55,184,176,194,207,202,181,155,162,27,200,199,213,197,214,206,203,183,28,-16,-23,-19,10,-12,-25,-48,-21,-1,-3,0,0,1,1,2,0,0,10,-103,-14,-219,-204,-148,-58,9,-37,9,-106,-14,-219,-203,-147,-56,9,-37,-2,0,-2,4,3,0,-1,0,-1,172,172,172,172,172,172,172,172,172,172,10.7,10.3,11.4,12.3,12.2,11,9.4,9.9,11.6,11.6,12.5,11.7,12.9,12.5,12.4,11.2,-0.9,-1.3,-1.1,0.6,-0.7,-1.5,-2.9,-1.3,-0.2,0,0,0.1,0.1,0.1,0,0,-6,-0.8,-12.9,-12.2,-8.9,-3.5,0.5,-2.3,-6.2,-0.8,-12.9,-12.1,-8.8,-3.4,0.5,-2.3
18047,IN,Franklin County,1,6,1,4,0,"23,087","23,096","23,057","23,037","23,030","22,968","22,981","22,952","22,804","22,739","22,736",-39,-20,-7,-62,13,-29,-148,-65,-3,64,248,237,257,242,245,243,251,250,60,195,216,222,211,219,204,210,210,4,53,21,35,31,26,39,41,40,3,12,9,7,22,19,31,20,20,-47,-88,-36,-103,-40,-73,-218,-126,-63,-44,-76,-27,-96,-18,-54,-187,-106,-43,1,3,-1,-1,0,-1,0,0,0,187,187,187,187,187,187,187,187,187,187,10.8,10.3,11.2,10.5,10.7,10.6,11,11,8.5,9.4,9.7,9.2,9.5,8.9,9.2,9.2,2.3,0.9,1.5,1.3,1.1,1.7,1.8,1.8,0.5,0.4,0.3,1,0.8,1.4,0.9,0.9,-3.8,-1.6,-4.5,-1.7,-3.2,-9.5,-5.5,-2.8,-3.3,-1.2,-4.2,-0.8,-2.4,-8.2,-4.7,-1.9
18049,IN,Fulton County,7,7,9,9,3,"20,836","20,853","20,813","20,730","20,635","20,447","20,514","20,332","20,110","20,010","20,092",-40,-83,-95,-188,67,-182,-222,-100,82,53,258,240,255,268,263,249,234,231,82,271,230,235,225,240,248,210,207,-29,-13,10,20,43,23,1,24,24,5,2,-4,-3,-3,-2,-1,-1,-1,-14,-72,-100,-208,33,-205,-222,-124,60,-9,-70,-104,-211,30,-207,-223,-125,59,-2,0,-1,3,-6,2,0,1,-1,224,224,224,224,224,224,224,224,224,224,12.4,11.6,12.4,13.1,12.9,12.3,11.7,11.5,13,11.1,11.4,11,11.8,12.3,10.5,10.3,-0.6,0.5,1,2.1,1.1,0,1.2,1.2,0.1,-0.2,-0.1,-0.1,-0.1,0,0,0,-3.5,-4.8,-10.1,1.6,-10,-11,-6.2,3,-3.4,-5,-10.3,1.5,-10.1,-11,-6.2,2.9
18051,IN,Gibson County,2,6,2,6,3,"33,503","33,503","33,545","33,521","33,527","33,484","33,723","33,620","33,562","33,622","33,452",42,-24,6,-43,239,-103,-58,60,-170,109,428,411,406,422,406,400,426,405,98,325,332,362,348,383,374,363,383,11,103,79,44,74,23,26,63,22,0,0,1,4,0,0,6,1,1,33,-125,-69,-87,168,-123,-89,-2,-192,33,-125,-68,-83,168,-123,-83,-1,-191,-2,-2,-5,-4,-3,-3,-1,-2,-1,738,738,738,738,738,738,738,738,738,738,12.8,12.3,12.1,12.6,12.1,11.9,12.7,12.1,9.7,9.9,10.8,10.4,11.4,11.1,10.8,11.4,3.1,2.4,1.3,2.2,0.7,0.8,1.9,0.7,0,0,0.1,0,0,0.2,0,0,-3.7,-2.1,-2.6,5,-3.7,-2.6,-0.1,-5.7,-3.7,-2,-2.5,5,-3.7,-2.5,0,-5.7
18053,IN,Grant County,4,4,5,3,3,"70,061","70,063","69,906","69,614","69,083","68,850","68,336","67,486","66,680","66,282","65,936",-157,-292,-531,-233,-514,-850,-806,-398,-346,170,783,740,812,770,766,724,673,657,248,826,720,801,831,836,815,831,807,-78,-43,20,11,-61,-70,-91,-158,-150,3,16,16,13,14,14,31,15,15,-79,-260,-573,-252,-467,-802,-748,-254,-209,-76,-244,-557,-239,-453,-788,-717,-239,-194,-3,-5,6,-5,0,8,2,-1,-2,"5,024","5,024","5,090","4,961","4,970","4,938","4,900","4,805","4,819","4,826",11.2,10.7,11.8,11.2,11.3,10.8,10.1,9.9,11.8,10.4,11.6,12.1,12.3,12.1,12.5,12.2,-0.6,0.3,0.2,-0.9,-1,-1.4,-2.4,-2.3,0.2,0.2,0.2,0.2,0.2,0.5,0.2,0.2,-3.7,-8.3,-3.7,-6.8,-11.8,-11.2,-3.8,-3.2,-3.5,-8,-3.5,-6.6,-11.6,-10.7,-3.6,-2.9
18055,IN,Greene County,3,6,2,6,0,"33,165","33,172","33,205","33,027","32,940","32,740","32,644","32,414","32,229","32,180","32,006",33,-178,-87,-200,-96,-230,-185,-49,-174,76,357,357,338,329,341,333,321,309,99,341,376,381,409,378,372,399,417,-23,16,-19,-43,-80,-37,-39,-78,-108,1,1,7,-1,5,3,8,4,4,57,-198,-70,-158,-14,-195,-153,27,-69,58,-197,-63,-159,-9,-192,-145,31,-65,-2,3,-5,2,-7,-1,-1,-2,-1,281,281,281,281,281,281,281,281,281,281,10.8,10.8,10.3,10.1,10.5,10.3,10,9.6,10.3,11.4,11.6,12.5,11.6,11.5,12.4,13,0.5,-0.6,-1.3,-2.4,-1.1,-1.2,-2.4,-3.4,0,0.2,0,0.2,0.1,0.2,0.1,0.1,-6,-2.1,-4.8,-0.4,-6,-4.7,0.8,-2.2,-5.9,-1.9,-4.8,-0.3,-5.9,-4.5,1,-2
18057,IN,Hamilton County,1,1,1,1,0,"274,569","274,569","276,509","283,366","289,772","296,904","302,839","308,479","315,990","323,082","330,086","1,940","6,857","6,406","7,132","5,935","5,640","7,511","7,092","7,004","1,008","3,842","3,809","3,695","4,016","3,831","3,880","3,844","3,791",345,"1,265","1,387","1,431","1,481","1,597","1,560","1,767","1,801",663,"2,577","2,422","2,264","2,535","2,234","2,320","2,077","1,990",189,648,701,617,608,469,806,542,547,"1,012","3,577","3,242","4,202","2,789","2,936","4,376","4,466","4,461","1,201","4,225","3,943","4,819","3,397","3,405","5,182","5,008","5,008",76,55,41,49,3,1,9,7,6,"1,628","1,628","1,628","1,628","1,628","1,630","1,629","1,868","1,869","1,868",13.7,13.3,12.6,13.4,12.5,12.4,12,11.6,4.5,4.8,4.9,4.9,5.2,5,5.5,5.5,9.2,8.5,7.7,8.5,7.3,7.4,6.5,6.1,2.3,2.4,2.1,2,1.5,2.6,1.7,1.7,12.8,11.3,14.3,9.3,9.6,14,14,13.7,15.1,13.8,16.4,11.3,11.1,16.6,15.7,15.3
18059,IN,Hancock County,1,1,1,1,0,"70,002","70,043","70,229","70,340","70,564","70,964","71,738","72,392","73,728","74,940","76,351",186,111,224,400,774,654,"1,336","1,212","1,411",204,783,747,777,753,782,807,779,788,118,618,608,616,581,621,696,635,620,86,165,139,161,172,161,111,144,168,1,-18,-2,-10,-10,-2,4,-1,-1,103,-29,102,258,608,499,"1,219","1,069","1,246",104,-47,100,248,598,497,"1,223","1,068","1,245",-4,-7,-15,-9,4,-4,2,0,-2,649,649,649,649,649,649,649,649,649,649,11.1,10.6,11,10.6,10.9,11,10.5,10.4,8.8,8.6,8.7,8.1,8.6,9.5,8.5,8.2,2.3,2,2.3,2.4,2.2,1.5,1.9,2.2,-0.3,0,-0.1,-0.1,0,0.1,0,0,-0.4,1.4,3.6,8.5,6.9,16.7,14.4,16.5,-0.7,1.4,3.5,8.4,6.9,16.7,14.4,16.5
18061,IN,Harrison County,1,1,1,1,5,"39,364","39,363","39,328","39,180","39,004","38,992","39,167","39,524","39,666","39,851","40,350",-35,-148,-176,-12,175,357,142,185,499,94,401,415,413,402,471,460,457,443,118,369,363,385,390,382,401,394,361,-24,32,52,28,12,89,59,63,82,4,13,10,12,11,18,28,20,20,-10,-194,-238,-51,157,252,59,104,398,-6,-181,-228,-39,168,270,87,124,418,-5,1,0,-1,-5,-2,-4,-2,-1,461,461,461,461,461,461,461,461,461,461,10.2,10.6,10.6,10.3,12,11.6,11.5,11,9.4,9.3,9.9,10,9.7,10.1,9.9,9,0.8,1.3,0.7,0.3,2.3,1.5,1.6,2,0.3,0.3,0.3,0.3,0.5,0.7,0.5,0.5,-4.9,-6.1,-1.3,4,6.4,1.5,2.6,9.9,-4.6,-5.8,-1,4.3,6.9,2.2,3.1,10.4
18063,IN,Hendricks County,1,1,1,1,0,"145,448","145,414","145,912","148,610","150,691","153,519","155,812","157,754","160,369","163,758","167,009",498,"2,698","2,081","2,828","2,293","1,942","2,615","3,389","3,251",434,"1,777","1,749","1,641","1,811","1,724","1,764","1,784","1,740",209,983,965,"1,056","1,047","1,112","1,121","1,109","1,104",225,794,784,585,764,612,643,675,636,88,257,322,170,181,167,280,187,187,187,"1,628",981,"2,051","1,357","1,176","1,696","2,526","2,427",275,"1,885","1,303","2,221","1,538","1,343","1,976","2,713","2,614",-2,19,-6,22,-9,-13,-4,1,1,"3,360","3,360","3,751","3,830","4,176","4,208","4,106","3,885","4,010","4,053",12.1,11.7,10.8,11.7,11,11.1,11,10.5,6.7,6.4,6.9,6.8,7.1,7,6.8,6.7,5.4,5.2,3.8,4.9,3.9,4,4.2,3.8,1.7,2.2,1.1,1.2,1.1,1.8,1.2,1.1,11.1,6.6,13.5,8.8,7.5,10.7,15.6,14.7,12.8,8.7,14.6,9.9,8.6,12.4,16.7,15.8
18065,IN,Henry County,4,4,3,3,0,"49,462","49,466","49,530","49,212","49,111","48,847","48,889","48,661","48,348","48,247","48,271",64,-318,-101,-264,42,-228,-313,-101,24,129,439,468,487,504,464,474,472,456,100,548,589,578,579,577,590,584,550,29,-109,-121,-91,-75,-113,-116,-112,-94,1,0,4,3,5,3,6,5,5,36,-210,20,-173,121,-115,-201,9,117,37,-210,24,-170,126,-112,-195,14,122,-2,1,-4,-3,-9,-3,-2,-3,-4,"3,016","3,016","3,084","3,558","3,591","3,649","3,633","3,605","3,504","3,556",8.9,9.5,9.9,10.3,9.5,9.8,9.8,9.4,11.1,12,11.8,11.8,11.8,12.2,12.1,11.4,-2.2,-2.5,-1.9,-1.5,-2.3,-2.4,-2.3,-1.9,0,0.1,0.1,0.1,0.1,0.1,0.1,0.1,-4.3,0.4,-3.5,2.5,-2.4,-4.1,0.2,2.4,-4.3,0.5,-3.5,2.6,-2.3,-4,0.3,2.5
18067,IN,Howard County,3,3,2,2,3,"82,752","82,752","82,755","82,791","82,833","82,735","82,602","82,340","82,317","82,311","82,366",3,36,42,-98,-133,-262,-23,-6,55,224,999,987,"1,054",951,989,986,992,969,173,867,898,988,943,"1,076","1,016",993,940,51,132,89,66,8,-87,-30,-1,29,24,82,53,20,32,13,44,23,21,-68,-171,-89,-178,-165,-179,-34,-23,11,-44,-89,-36,-158,-133,-166,10,0,32,-4,-7,-11,-6,-8,-9,-3,-5,-6,"1,282","1,282","1,282","1,282","1,282","1,281","1,281","1,280","1,282","1,281",12.1,11.9,12.7,11.5,12,12,12.1,11.8,10.5,10.8,11.9,11.4,13,12.3,12.1,11.4,1.6,1.1,0.8,0.1,-1.1,-0.4,0,0.4,1,0.6,0.2,0.4,0.2,0.5,0.3,0.3,-2.1,-1.1,-2.2,-2,-2.2,-0.4,-0.3,0.1,-1.1,-0.4,-1.9,-1.6,-2,0.1,0,0.4
18069,IN,Huntington County,6,6,5,5,3,"37,124","37,123","37,117","37,164","36,979","36,779","36,610","36,514","36,288","36,239","36,240",-6,47,-185,-200,-169,-96,-226,-49,1,121,391,431,414,424,443,425,410,408,101,381,416,417,427,389,466,390,386,20,10,15,-3,-3,54,-41,20,22,3,9,7,8,13,4,15,11,11,-29,32,-208,-206,-176,-151,-199,-79,-31,-26,41,-201,-198,-163,-147,-184,-68,-20,0,-4,1,1,-3,-3,-1,-1,-1,"1,330","1,330","1,330","1,330","1,330","1,332","1,334","1,336","1,337","1,339",10.5,11.6,11.2,11.6,12.1,11.7,11.3,11.3,10.3,11.2,11.3,11.6,10.6,12.8,10.8,10.7,0.3,0.4,-0.1,-0.1,1.5,-1.1,0.6,0.6,0.2,0.2,0.2,0.4,0.1,0.4,0.3,0.3,0.9,-5.6,-5.6,-4.8,-4.1,-5.5,-2.2,-0.9,1.1,-5.4,-5.4,-4.4,-4,-5.1,-1.9,-0.6
18071,IN,Jackson County,4,4,5,5,3,"42,376","42,376","42,586","42,912","42,984","43,436","43,703","43,886","44,004","43,987","44,111",210,326,72,452,267,183,118,-17,124,129,580,520,597,596,618,603,616,610,86,449,447,430,492,496,435,467,448,43,131,73,167,104,122,168,149,162,17,55,93,70,84,91,131,97,113,140,146,-88,219,87,-28,-179,-264,-150,157,201,5,289,171,63,-48,-167,-37,10,-6,-6,-4,-8,-2,-2,1,-1,595,595,595,595,595,595,595,595,595,595,13.6,12.1,13.8,13.7,14.1,13.7,14,13.8,10.5,10.4,10,11.3,11.3,9.9,10.6,10.2,3.1,1.7,3.9,2.4,2.8,3.8,3.4,3.7,1.3,2.2,1.6,1.9,2.1,3,2.2,2.6,3.4,-2,5.1,2,-0.6,-4.1,-6,-3.4,4.7,0.1,6.7,3.9,1.4,-1.1,-3.8,-0.8
18073,IN,Jasper County,1,1,1,1,0,"33,478","33,481","33,496","33,423","33,494","33,426","33,514","33,487","33,416","33,459","33,370",15,-73,71,-68,88,-27,-71,43,-89,111,376,405,405,346,402,388,376,373,111,276,302,345,294,364,314,326,332,0,100,103,60,52,38,74,50,41,0,1,7,1,17,2,7,5,5,18,-177,-36,-130,25,-66,-151,-11,-136,18,-176,-29,-129,42,-64,-144,-6,-131,-3,3,-3,1,-6,-1,-1,-1,1,926,926,926,926,926,926,927,930,932,932,11.2,12.1,12.1,10.3,12,11.6,11.2,11.2,8.2,9,10.3,8.8,10.9,9.4,9.7,9.9,3,3.1,1.8,1.6,1.1,2.2,1.5,1.2,0,0.2,0,0.5,0.1,0.2,0.1,0.1,-5.3,-1.1,-3.9,0.7,-2,-4.5,-0.3,-4.1,-5.3,-0.9,-3.9,1.3,-1.9,-4.3,-0.2,-3.9
18075,IN,Jay County,6,6,6,6,3,"21,253","21,253","21,178","21,330","21,344","21,266","21,134","21,136","21,023","20,907","20,764",-75,152,14,-78,-132,2,-113,-116,-143,65,324,288,292,312,330,299,283,272,69,201,223,237,251,246,227,226,232,-4,123,65,55,61,84,72,57,40,-1,2,2,4,0,1,2,1,2,-73,30,-50,-136,-195,-85,-187,-174,-186,-74,32,-48,-132,-195,-84,-185,-173,-184,3,-3,-3,-1,2,2,0,0,1,243,243,243,243,243,243,243,243,243,243,15.2,13.5,13.7,14.7,15.6,14.2,13.5,13.1,9.5,10.5,11.1,11.8,11.6,10.8,10.8,11.1,5.8,3,2.6,2.9,4,3.4,2.7,1.9,0.1,0.1,0.2,0,0,0.1,0,0.1,1.4,-2.3,-6.4,-9.2,-4,-8.9,-8.3,-8.9,1.5,-2.2,-6.2,-9.2,-4,-8.8,-8.3,-8.8
18077,IN,Jefferson County,6,6,3,3,3,"32,428","32,404","32,401","32,275","32,442","32,396","32,403","32,298","32,230","32,047","32,208",-3,-126,167,-46,7,-105,-68,-183,161,92,331,373,353,355,371,380,394,373,99,367,340,384,395,374,375,358,347,-7,-36,33,-31,-40,-3,5,36,26,0,5,10,4,16,5,14,11,15,5,-92,129,-14,33,-105,-87,-228,120,5,-87,139,-10,49,-100,-73,-217,135,-1,-3,-5,-5,-2,-2,0,-2,0,"1,905","1,977","1,994","1,992","1,975","2,052","2,025","1,948","1,912","2,067",10.2,11.5,10.9,11,11.5,11.8,12.3,11.6,11.3,10.5,11.8,12.2,11.6,11.6,11.1,10.8,-1.1,1,-1,-1.2,-0.1,0.2,1.1,0.8,0.2,0.3,0.1,0.5,0.2,0.4,0.3,0.5,-2.8,4,-0.4,1,-3.2,-2.7,-7.1,3.7,-2.7,4.3,-0.3,1.5,-3.1,-2.3,-6.8,4.2
18079,IN,Jennings County,6,6,5,5,3,"28,525","28,529","28,482","28,152","28,142","28,225","27,915","27,829","27,642","27,638","27,611",-47,-330,-10,83,-310,-86,-187,-4,-27,94,345,320,363,337,347,314,312,305,82,295,239,287,285,298,285,324,305,12,50,81,76,52,49,29,-12,0,1,2,0,-7,-5,-2,-2,-2,-2,-62,-389,-88,18,-361,-129,-214,10,-24,-61,-387,-88,11,-366,-131,-216,8,-26,2,7,-3,-4,4,-4,0,0,-1,298,298,298,298,298,298,298,298,298,298,12.2,11.4,12.9,12,12.4,11.3,11.3,11,10.4,8.5,10.2,10.2,10.7,10.3,11.7,11,1.8,2.9,2.7,1.9,1.8,1,-0.4,0,0.1,0,-0.2,-0.2,-0.1,-0.1,-0.1,-0.1,-13.7,-3.1,0.6,-12.9,-4.6,-7.7,0.4,-0.9,-13.7,-3.1,0.4,-13,-4.7,-7.8,0.3,-0.9
18081,IN,Johnson County,1,1,1,1,0,"139,654","139,857","140,272","141,726","143,479","145,416","147,103","148,994","151,575","153,922","156,225",415,"1,454","1,753","1,937","1,687","1,891","2,581","2,347","2,303",445,"1,846","1,829","1,804","1,890","1,801","1,883","1,902","1,881",244,"1,188","1,254","1,195","1,180","1,314","1,345","1,279","1,273",201,658,575,609,710,487,538,623,608,58,192,205,153,227,222,318,229,223,160,618,977,"1,176",766,"1,185","1,726","1,496","1,475",218,810,"1,182","1,329",993,"1,407","2,044","1,725","1,698",-4,-14,-4,-1,-16,-3,-1,-1,-3,"2,547","2,547","2,405","2,470","2,492","2,553","2,526","2,464","2,435","2,446",13.1,12.8,12.5,12.9,12.2,12.5,12.5,12.1,8.4,8.8,8.3,8.1,8.9,8.9,8.4,8.2,4.7,4,4.2,4.9,3.3,3.6,4.1,3.9,1.4,1.4,1.1,1.6,1.5,2.1,1.5,1.4,4.4,6.9,8.1,5.2,8,11.5,9.8,9.5,5.7,8.3,9.2,6.8,9.5,13.6,11.3,10.9
18083,IN,Knox County,4,5,5,8,4,"38,440","38,440","38,393","38,470","37,975","38,055","37,961","37,763","37,331","37,094","36,895",-47,77,-495,80,-94,-198,-432,-237,-199,105,492,451,489,501,437,440,445,444,119,484,439,417,454,476,457,395,397,-14,8,12,72,47,-39,-17,50,47,8,18,11,5,3,9,14,10,10,-38,56,-530,9,-139,-167,-431,-299,-255,-30,74,-519,14,-136,-158,-417,-289,-245,-3,-5,12,-6,-5,-1,2,2,-1,"2,645","2,645","2,667","2,514","2,632","2,725","2,558","2,348","2,120","2,119",12.8,11.8,12.9,13.2,11.5,11.7,12,12,12.6,11.5,11,11.9,12.6,12.2,10.6,10.7,0.2,0.3,1.9,1.2,-1,-0.5,1.3,1.3,0.5,0.3,0.1,0.1,0.2,0.4,0.3,0.3,1.5,-13.9,0.2,-3.7,-4.4,-11.5,-8,-6.9,1.9,-13.6,0.4,-3.6,-4.2,-11.1,-7.8,-6.6
18085,IN,Kosciusko County,4,4,5,5,3,"77,358","77,354","77,341","77,347","77,605","77,870","78,382","78,553","78,742","79,010","79,344",-13,6,258,265,512,171,189,268,334,255,997,960,"1,042","1,060","1,110","1,022",979,"1,005",156,650,649,760,694,707,713,665,709,99,347,311,282,366,403,309,314,296,14,32,45,32,40,37,81,59,64,-125,-371,-91,-35,116,-260,-199,-99,-20,-111,-339,-46,-3,156,-223,-118,-40,44,-1,-2,-7,-14,-10,-9,-2,-6,-6,"1,568","1,568","1,568","1,568","1,568","1,570","1,571","1,573","1,574","1,575",12.9,12.4,13.4,13.6,14.1,13,12.4,12.7,8.4,8.4,9.8,8.9,9,9.1,8.4,9,4.5,4,3.6,4.7,5.1,3.9,4,3.7,0.4,0.6,0.4,0.5,0.5,1,0.7,0.8,-4.8,-1.2,-0.5,1.5,-3.3,-2.5,-1.3,-0.3,-4.4,-0.6,0,2,-2.8,-1.5,-0.5,0.6
18087,IN,LaGrange County,6,6,6,6,3,"37,128","37,130","37,158","37,463","37,658","38,088","38,435","38,614","39,109","39,222","39,330",28,305,195,430,347,179,495,113,108,196,757,732,746,753,729,748,728,712,86,254,263,247,265,266,237,270,262,110,503,469,499,488,463,511,458,450,3,11,24,9,-4,-6,-4,-8,-8,-88,-210,-302,-75,-133,-278,-8,-339,-335,-85,-199,-278,-66,-137,-284,-12,-347,-343,3,1,4,-3,-4,0,-4,2,1,324,324,324,324,325,325,325,325,325,325,20.3,19.5,19.7,19.7,18.9,19.2,18.6,18.1,6.8,7,6.5,6.9,6.9,6.1,6.9,6.7,13.5,12.5,13.2,12.8,12,13.1,11.7,11.5,0.3,0.6,0.2,-0.1,-0.2,-0.1,-0.2,-0.2,-5.6,-8,-2,-3.5,-7.2,-0.2,-8.7,-8.5,-5.3,-7.4,-1.7,-3.6,-7.4,-0.3,-8.9,-8.7
18089,IN,Lake County,1,1,1,1,0,"496,005","496,095","495,939","494,888","493,387","491,768","490,973","487,895","486,199","484,766","484,411",-156,"-1,051","-1,501","-1,619",-795,"-3,078","-1,696","-1,433",-355,"1,592","6,185","6,132","6,053","6,077","5,987","5,783","5,533","5,422","1,176","4,532","4,522","4,762","4,647","4,903","4,795","4,927","5,015",416,"1,653","1,610","1,291","1,430","1,084",988,606,407,18,62,209,81,134,63,319,115,133,-575,"-2,777","-3,338","-2,992","-2,344","-4,241","-3,001","-2,154",-878,-557,"-2,715","-3,129","-2,911","-2,210","-4,178","-2,682","-2,039",-745,-15,11,18,1,-15,16,-2,0,-17,"6,425","6,425","6,425","6,426","6,426","6,424","6,419","6,416","6,416","6,417",12.5,12.4,12.3,12.4,12.2,11.9,11.4,11.2,9.1,9.2,9.7,9.5,10,9.8,10.1,10.3,3.3,3.3,2.6,2.9,2.2,2,1.2,0.8,0.1,0.4,0.2,0.3,0.1,0.7,0.2,0.3,-5.6,-6.8,-6.1,-4.8,-8.7,-6.2,-4.4,-1.8,-5.5,-6.3,-5.9,-4.5,-8.5,-5.5,-4.2,-1.5
18091,IN,LaPorte County,3,3,2,2,0,"111,467","111,463","111,455","111,299","111,296","111,421","111,737","110,853","110,254","109,911","110,007",-8,-156,-3,125,316,-884,-599,-343,96,334,"1,325","1,301","1,325","1,340","1,318","1,324","1,284","1,252",226,"1,139","1,156","1,157","1,128","1,261","1,186","1,272","1,225",108,186,145,168,212,57,138,12,27,4,-5,20,-1,9,4,32,9,24,-120,-326,-157,-25,118,-948,-769,-361,51,-116,-331,-137,-26,127,-944,-737,-352,75,0,-11,-11,-17,-23,3,0,-3,-6,"6,623","6,564","6,676","6,695","6,804","6,882","6,525","6,274","6,224","6,347",11.9,11.7,11.9,12,11.8,12,11.7,11.4,10.2,10.4,10.4,10.1,11.3,10.7,11.6,11.1,1.7,1.3,1.5,1.9,0.5,1.2,0.1,0.2,0,0.2,0,0.1,0,0.3,0.1,0.2,-2.9,-1.4,-0.2,1.1,-8.5,-7,-3.3,0.5,-3,-1.2,-0.2,1.1,-8.5,-6.7,-3.2,0.7
18093,IN,Lawrence County,4,6,5,5,0,"46,134","46,129","46,102","46,135","46,112","45,893","45,648","45,567","45,588","45,625","45,668",-27,33,-23,-219,-245,-81,21,37,43,116,479,472,495,453,509,497,488,485,147,501,553,549,568,565,520,571,555,-31,-22,-81,-54,-115,-56,-23,-83,-70,6,34,26,16,8,6,12,2,2,4,28,40,-178,-132,-27,35,123,114,10,62,66,-162,-124,-21,47,125,116,-6,-7,-8,-3,-6,-4,-3,-5,-3,653,653,653,653,653,653,653,653,653,653,10.4,10.2,10.8,9.9,11.2,10.9,10.7,10.6,10.9,12,11.9,12.4,12.4,11.4,12.5,12.2,-0.5,-1.8,-1.2,-2.5,-1.2,-0.5,-1.8,-1.5,0.7,0.6,0.3,0.2,0.1,0.3,0,0,0.6,0.9,-3.9,-2.9,-0.6,0.8,2.7,2.5,1.3,1.4,-3.5,-2.7,-0.5,1,2.7,2.5
18095,IN,Madison County,3,1,2,1,0,"131,636","131,639","131,619","130,994","130,190","130,300","129,744","129,383","129,297","129,460","129,641",-20,-625,-804,110,-556,-361,-86,163,181,374,"1,634","1,495","1,498","1,441","1,510","1,509","1,475","1,452",363,"1,501","1,455","1,536","1,456","1,502","1,483","1,474","1,445",11,133,40,-38,-15,8,26,1,7,21,62,87,29,42,15,34,20,27,-35,-820,-938,137,-571,-373,-140,151,154,-14,-758,-851,166,-529,-358,-106,171,181,-17,0,7,-18,-12,-11,-6,-9,-7,"6,277","6,277","6,211","6,136","6,127","5,967","6,052","5,922","6,002","6,175",12.4,11.4,11.5,11.1,11.7,11.7,11.4,11.2,11.4,11.1,11.8,11.2,11.6,11.5,11.4,11.2,1,0.3,-0.3,-0.1,0.1,0.2,0,0.1,0.5,0.7,0.2,0.3,0.1,0.3,0.2,0.2,-6.2,-7.2,1.1,-4.4,-2.9,-1.1,1.2,1.2,-5.8,-6.5,1.3,-4.1,-2.8,-0.8,1.3,1.4
18097,IN,Marion County,1,1,1,1,0,"903,393","903,389","904,602","911,188","919,700","929,345","935,449","939,406","944,139","948,952","954,670","1,213","6,586","8,512","9,645","6,104","3,957","4,733","4,813","5,718","3,569","14,531","14,419","14,610","14,422","14,592","14,330","14,046","14,009","1,862","7,411","7,592","7,751","7,671","7,932","8,017","8,300","8,190","1,707","7,120","6,827","6,859","6,751","6,660","6,313","5,746","5,819",682,"2,625","3,090","2,577","2,861","2,531","4,126","2,884","2,919","-1,148","-3,084","-1,284",284,"-3,348","-5,173","-5,687","-3,783","-2,974",-466,-459,"1,806","2,861",-487,"-2,642","-1,561",-899,-55,-28,-75,-121,-75,-160,-61,-19,-34,-46,"16,675","16,730","16,842","17,008","16,967","16,966","16,982","16,710","16,463","16,470",16,15.8,15.8,15.5,15.6,15.2,14.8,14.7,8.2,8.3,8.4,8.2,8.5,8.5,8.8,8.6,7.8,7.5,7.4,7.2,7.1,6.7,6.1,6.1,2.9,3.4,2.8,3.1,2.7,4.4,3,3.1,-3.4,-1.4,0.3,-3.6,-5.5,-6,-4,-3.1,-0.5,2,3.1,-0.5,-2.8,-1.7,-0.9,-0.1
18099,IN,Marshall County,6,6,5,5,3,"47,051","47,050","46,999","46,935","46,944","46,919","46,929","46,740","46,600","46,460","46,248",-51,-64,9,-25,10,-189,-140,-140,-212,149,542,655,567,543,581,599,589,560,111,425,432,468,471,458,485,451,477,38,117,223,99,72,123,114,138,83,13,28,28,23,22,34,56,35,34,-105,-211,-241,-145,-77,-349,-311,-314,-330,-92,-183,-213,-122,-55,-315,-255,-279,-296,3,2,-1,-2,-7,3,1,1,1,670,670,670,670,670,670,670,670,671,671,11.5,14,12.1,11.6,12.4,12.8,12.7,12.1,9,9.2,10,10,9.8,10.4,9.7,10.3,2.5,4.8,2.1,1.5,2.6,2.4,3,1.8,0.6,0.6,0.5,0.5,0.7,1.2,0.8,0.7,-4.5,-5.1,-3.1,-1.6,-7.5,-6.7,-6.7,-7.1,-3.9,-4.5,-2.6,-1.2,-6.7,-5.5,-6,-6.4
18101,IN,Martin County,6,7,6,9,4,"10,334","10,380","10,359","10,335","10,316","10,233","10,238","10,217","10,191","10,186","10,217",-21,-24,-19,-83,5,-21,-26,-5,31,23,113,139,138,148,124,124,118,115,42,100,95,121,97,107,101,106,101,-19,13,44,17,51,17,23,12,14,0,0,4,0,-1,-1,-1,-1,-1,-1,-36,-67,-100,-46,-37,-48,-15,19,-1,-36,-63,-100,-47,-38,-49,-16,18,-1,-1,0,0,1,0,0,-1,-1,134,134,134,134,134,134,134,133,133,133,10.9,13.5,13.4,14.5,12.1,12.2,11.6,11.3,9.7,9.2,11.8,9.5,10.5,9.9,10.4,9.9,1.3,4.3,1.7,5,1.7,2.3,1.2,1.4,0,0.4,0,-0.1,-0.1,-0.1,-0.1,-0.1,-3.5,-6.5,-9.7,-4.5,-3.6,-4.7,-1.5,1.9,-3.5,-6.1,-9.7,-4.6,-3.7,-4.8,-1.6,1.8
18103,IN,Miami County,6,6,5,5,4,"36,903","36,905","36,810","36,645","36,534","36,165","36,071","36,001","36,041","35,827","35,567",-95,-165,-111,-369,-94,-70,40,-214,-260,85,400,358,353,402,365,358,329,325,72,336,363,370,338,387,385,379,368,13,64,-5,-17,64,-22,-27,-50,-43,0,-8,-1,12,16,13,22,13,14,-112,-224,-103,-371,-172,-62,47,-178,-231,-112,-232,-104,-359,-156,-49,69,-165,-217,4,3,-2,7,-2,1,-2,1,0,"3,416","3,416","3,416","3,416","3,357","3,388","3,320","3,285","3,369","3,315",10.9,9.8,9.7,11.1,10.1,9.9,9.2,9.1,9.1,9.9,10.2,9.4,10.7,10.7,10.5,10.3,1.7,-0.1,-0.5,1.8,-0.6,-0.7,-1.4,-1.2,-0.2,0,0.3,0.4,0.4,0.6,0.4,0.4,-6.1,-2.8,-10.2,-4.8,-1.7,1.3,-5,-6.5,-6.3,-2.8,-9.9,-4.3,-1.4,1.9,-4.6,-6.1
18105,IN,Monroe County,3,3,2,2,4,"137,974","137,959","138,560","140,209","141,473","142,066","143,410","144,220","145,748","146,720","146,917",601,"1,649","1,264",593,"1,344",810,"1,528",972,197,376,"1,244","1,310","1,288","1,291","1,349","1,329","1,279","1,268",228,871,853,907,817,929,990,947,937,148,373,457,381,474,420,339,332,331,212,930,"1,012",802,942,774,"1,168",797,792,228,345,-187,-584,-50,-374,23,-154,-933,440,"1,275",825,218,892,400,"1,191",643,-141,13,1,-18,-6,-22,-10,-2,-3,7,"14,976","14,974","14,973","14,974","14,979","14,986","14,978","14,980","14,991","15,007",8.9,9.3,9.1,9,9.4,9.2,8.7,8.6,6.2,6.1,6.4,5.7,6.5,6.8,6.5,6.4,2.7,3.2,2.7,3.3,2.9,2.3,2.3,2.3,6.7,7.2,5.7,6.6,5.4,8.1,5.5,5.4,2.5,-1.3,-4.1,-0.4,-2.6,0.2,-1.1,-6.4,9.1,5.9,1.5,6.2,2.8,8.2,4.4,-1
18107,IN,Montgomery County,6,6,3,3,3,"38,124","38,121","38,097","38,332","38,173","38,135","38,144","38,242","38,249","38,397","38,346",-24,235,-159,-38,9,98,7,148,-51,106,476,441,495,432,458,465,453,451,59,365,420,391,387,399,391,400,385,47,111,21,104,45,59,74,53,66,0,-7,-1,23,25,13,45,36,37,-71,134,-176,-163,-59,32,-112,63,-153,-71,127,-177,-140,-34,45,-67,99,-116,0,-3,-3,-2,-2,-6,0,-4,-1,"1,171","1,171","1,171","1,171","1,172","1,174","1,174","1,174","1,176","1,176",12.5,11.5,13,11.3,12,12.2,11.8,11.8,9.6,11,10.2,10.1,10.4,10.2,10.4,10,2.9,0.5,2.7,1.2,1.5,1.9,1.4,1.7,-0.2,0,0.6,0.7,0.3,1.2,0.9,1,3.5,-4.6,-4.3,-1.5,0.8,-2.9,1.6,-4,3.3,-4.6,-3.7,-0.9,1.2,-1.8,2.6,-3
18109,IN,Morgan County,1,1,1,1,0,"68,894","68,943","69,154","69,244","69,192","69,361","69,515","69,565","69,628","69,810","70,116",211,90,-52,169,154,50,63,182,306,205,804,751,750,715,768,796,801,776,116,631,633,678,639,662,673,674,659,89,173,118,72,76,106,123,127,117,8,18,20,17,25,19,29,19,17,117,-94,-187,90,67,-67,-86,42,177,125,-76,-167,107,92,-48,-57,61,194,-3,-7,-3,-10,-14,-8,-3,-6,-5,592,592,592,592,592,592,592,591,591,590,11.6,10.8,10.8,10.3,11,11.4,11.5,11.1,9.1,9.1,9.8,9.2,9.5,9.7,9.7,9.4,2.5,1.7,1,1.1,1.5,1.8,1.8,1.7,0.3,0.3,0.2,0.4,0.3,0.4,0.3,0.2,-1.4,-2.7,1.3,1,-1,-1.2,0.6,2.5,-1.1,-2.4,1.5,1.3,-0.7,-0.8,0.9,2.8
18111,IN,Newton County,1,1,1,1,0,"14,244","14,239","14,234","14,084","14,042","14,025","14,086","13,968","13,985","14,041","14,011",-5,-150,-42,-17,61,-118,17,56,-30,27,139,155,136,139,130,160,154,141,38,177,149,171,138,172,152,140,136,-11,-38,6,-35,1,-42,8,14,5,2,8,8,22,11,5,14,13,13,5,-120,-55,-3,51,-80,-5,30,-48,7,-112,-47,19,62,-75,9,43,-35,-1,0,-1,-1,-2,-1,0,-1,0,170,170,170,169,169,169,169,169,169,169,9.8,11,9.7,9.9,9.3,11.4,11,10.1,12.5,10.6,12.2,9.8,12.3,10.9,10,9.7,-2.7,0.4,-2.5,0.1,-3,0.6,1,0.4,0.6,0.6,1.6,0.8,0.4,1,0.9,0.9,-8.5,-3.9,-0.2,3.6,-5.7,-0.4,2.1,-3.4,-7.9,-3.3,1.4,4.4,-5.3,0.6,3.1,-2.5
18113,IN,Noble County,6,6,5,5,3,"47,536","47,540","47,455","47,298","47,197","47,253","47,380","47,531","47,426","47,384","47,532",-85,-157,-101,56,127,151,-105,-42,148,151,568,580,579,622,653,620,571,576,129,448,442,439,420,464,433,439,444,22,120,138,140,202,189,187,132,132,2,-15,-8,-1,-11,10,25,13,14,-112,-263,-233,-78,-59,-42,-316,-187,5,-110,-278,-241,-79,-70,-32,-291,-174,19,3,1,2,-5,-5,-6,-1,0,-3,831,831,791,831,815,802,818,815,811,813,12,12.3,12.3,13.1,13.8,13.1,12,12.1,9.5,9.4,9.3,8.9,9.8,9.1,9.3,9.4,2.5,2.9,3,4.3,4,3.9,2.8,2.8,-0.3,-0.2,0,-0.2,0.2,0.5,0.3,0.3,-5.6,-4.9,-1.7,-1.2,-0.9,-6.7,-3.9,0.1,-5.9,-5.1,-1.7,-1.5,-0.7,-6.1,-3.7,0.4
18115,IN,Ohio County,1,1,1,1,5,"6,128","6,107","6,095","6,061","6,063","5,995","5,966","5,887","5,892","5,845","5,844",-12,-34,2,-68,-29,-79,5,-47,-1,13,52,53,59,59,41,52,54,49,7,63,51,56,65,65,67,66,73,6,-11,2,3,-6,-24,-15,-12,-24,0,-3,-3,-1,1,0,1,0,0,-18,-20,4,-70,-23,-56,18,-35,23,-18,-23,1,-71,-22,-56,19,-35,23,0,0,-1,0,-1,1,1,0,0,52,52,52,52,52,52,52,52,52,52,8.6,8.7,9.8,9.9,6.9,8.8,9.2,8.4,10.4,8.4,9.3,10.9,11,11.4,11.2,12.5,-1.8,0.3,0.5,-1,-4,-2.5,-2,-4.1,-0.5,-0.5,-0.2,0.2,0,0.2,0,0,-3.3,0.7,-11.6,-3.8,-9.4,3.1,-6,3.9,-3.8,0.2,-11.8,-3.7,-9.4,3.2,-6,3.9
18117,IN,Orange County,6,6,4,4,5,"19,840","19,838","19,806","19,933","19,736","19,825","19,761","19,621","19,460","19,404","19,489",-32,127,-197,89,-64,-140,-161,-56,85,47,233,209,237,242,222,238,235,223,27,227,209,223,217,237,242,231,230,20,6,0,14,25,-15,-4,4,-7,0,3,3,8,8,8,15,8,8,-52,118,-204,69,-95,-133,-172,-67,84,-52,121,-201,77,-87,-125,-157,-59,92,0,0,4,-2,-2,0,0,-1,0,258,258,258,258,258,258,258,258,258,258,11.7,10.5,12,12.2,11.3,12.2,12.1,11.5,11.4,10.5,11.3,11,12,12.4,11.9,11.8,0.3,0,0.7,1.3,-0.8,-0.2,0.2,-0.4,0.2,0.2,0.4,0.4,0.4,0.8,0.4,0.4,5.9,-10.3,3.5,-4.8,-6.8,-8.8,-3.4,4.3,6.1,-10.1,3.9,-4.4,-6.3,-8,-3,4.7
18119,IN,Owen County,3,3,2,2,3,"21,575","21,577","21,570","21,490","21,369","21,157","21,023","20,830","20,901","20,793","20,845",-7,-80,-121,-212,-134,-193,71,-108,52,64,221,225,210,235,227,221,207,203,79,198,205,245,222,245,245,237,258,-15,23,20,-35,13,-18,-24,-30,-55,0,-2,3,1,4,4,8,4,4,11,-103,-142,-181,-153,-181,88,-80,104,11,-105,-139,-180,-149,-177,96,-76,108,-3,2,-2,3,2,2,-1,-2,-1,197,197,197,197,197,197,197,197,197,197,10.3,10.5,9.9,11.1,10.8,10.6,9.9,9.8,9.2,9.6,11.5,10.5,11.7,11.7,11.4,12.4,1.1,0.9,-1.6,0.6,-0.9,-1.2,-1.4,-2.6,-0.1,0.1,0,0.2,0.2,0.4,0.2,0.2,-4.8,-6.6,-8.5,-7.3,-8.6,4.2,-3.8,5,-4.9,-6.5,-8.5,-7.1,-8.5,4.6,-3.6,5.2
18121,IN,Parke County,6,6,6,4,4,"17,339","17,354","17,281","17,087","17,124","17,242","17,241","16,969","16,939","16,903","16,927",-73,-194,37,118,-1,-272,-30,-36,24,45,186,182,201,195,214,217,201,195,54,159,154,171,154,156,162,170,176,-9,27,28,30,41,58,55,31,19,1,3,0,2,-1,-1,-1,-2,-2,-71,-230,10,87,-40,-333,-85,-64,7,-70,-227,10,89,-41,-334,-86,-66,5,6,6,-1,-1,-1,4,1,-1,0,"1,741","1,686","1,592","1,585","1,685","1,696","1,613","1,465","1,512","1,556",10.8,10.6,11.7,11.3,12.5,12.8,11.9,11.5,9.3,9,10,8.9,9.1,9.6,10,10.4,1.6,1.6,1.7,2.4,3.4,3.2,1.8,1.1,0.2,0,0.1,-0.1,-0.1,-0.1,-0.1,-0.1,-13.4,0.6,5.1,-2.3,-19.5,-5,-3.8,0.4,-13.2,0.6,5.2,-2.4,-19.5,-5.1,-3.9,0.3
18123,IN,Perry County,6,6,9,6,3,"19,338","19,338","19,410","19,421","19,370","19,417","19,332","19,307","18,977","18,988","19,102",72,11,-51,47,-85,-25,-330,11,114,50,217,197,210,168,215,220,197,199,52,208,195,210,226,201,210,190,180,-2,9,2,0,-58,14,10,7,19,0,-3,-5,-3,-3,0,0,0,0,67,8,-44,53,-22,-37,-342,6,94,67,5,-49,50,-25,-37,-342,6,94,7,-3,-4,-3,-2,-2,2,-2,1,"1,532","1,619","1,643","1,669","1,657","1,668","1,611","1,356","1,343","1,514",11.2,10.2,10.8,8.7,11.1,11.5,10.4,10.4,10.7,10.1,10.8,11.7,10.4,11,10,9.5,0.5,0.1,0,-3,0.7,0.5,0.4,1,-0.2,-0.3,-0.2,-0.2,0,0,0,0,0.4,-2.3,2.7,-1.1,-1.9,-17.9,0.3,4.9,0.3,-2.5,2.6,-1.3,-1.9,-17.9,0.3,4.9
18125,IN,Pike County,6,8,5,5,2,"12,845","12,710","12,729","12,604","12,626","12,503","12,500","12,413","12,398","12,332","12,410",19,-125,22,-123,-3,-87,-15,-66,78,39,140,140,138,153,133,141,138,142,18,145,139,129,125,162,170,156,151,21,-5,1,9,28,-29,-29,-18,-9,0,2,3,2,4,7,11,7,7,0,-122,20,-136,-36,-63,3,-54,81,0,-120,23,-134,-32,-56,14,-47,88,-2,0,-2,2,1,-2,0,-1,-1,213,213,213,213,213,213,213,213,213,213,11.1,11.1,11,12.2,10.7,11.4,11.2,11.5,11.4,11,10.3,10,13,13.7,12.6,12.2,-0.4,0.1,0.7,2.2,-2.3,-2.3,-1.5,-0.7,0.2,0.2,0.2,0.3,0.6,0.9,0.6,0.6,-9.6,1.6,-10.8,-2.9,-5.1,0.2,-4.4,6.5,-9.5,1.8,-10.7,-2.6,-4.5,1.1,-3.8,7.1
18127,IN,Porter County,1,1,1,1,3,"164,343","164,302","164,500","165,507","165,713","166,489","167,182","167,365","167,522","168,544","169,594",198,"1,007",206,776,693,183,157,"1,022","1,050",446,"1,708","1,845","1,718","1,819","1,764","1,733","1,724","1,696",317,"1,279","1,366","1,387","1,361","1,522","1,384","1,525","1,611",129,429,479,331,458,242,349,199,85,28,103,133,74,96,54,109,64,64,59,491,-391,392,169,-101,-296,770,915,87,594,-258,466,265,-47,-187,834,979,-18,-16,-15,-21,-30,-12,-5,-11,-14,"3,405","3,405","3,405","3,406","3,409","3,411","3,414","3,415","3,417","3,421",10.4,11.1,10.3,10.9,10.5,10.3,10.3,10,7.8,8.2,8.4,8.2,9.1,8.3,9.1,9.5,2.6,2.9,2,2.7,1.4,2.1,1.2,0.5,0.6,0.8,0.4,0.6,0.3,0.7,0.4,0.4,3,-2.4,2.4,1,-0.6,-1.8,4.6,5.4,3.6,-1.6,2.8,1.6,-0.3,-1.1,5,5.8
18129,IN,Posey County,2,2,2,2,3,"25,910","25,910","25,859","25,690","25,612","25,557","25,596","25,608","25,634","25,566","25,540",-51,-169,-78,-55,39,12,26,-68,-26,63,277,291,273,284,274,274,253,257,85,235,210,233,231,261,243,243,257,-22,42,81,40,53,13,31,10,0,-1,2,4,3,3,4,5,3,3,-28,-216,-167,-100,-14,-5,-9,-81,-28,-29,-214,-163,-97,-11,-1,-4,-78,-25,0,3,4,2,-3,0,-1,0,-1,242,242,242,242,242,242,242,242,242,242,10.7,11.3,10.7,11.1,10.7,10.7,9.9,10.1,9.1,8.2,9.1,9,10.2,9.5,9.5,10.1,1.6,3.2,1.6,2.1,0.5,1.2,0.4,0,0.1,0.2,0.1,0.1,0.2,0.2,0.1,0.1,-8.4,-6.5,-3.9,-0.5,-0.2,-0.4,-3.2,-1.1,-8.3,-6.4,-3.8,-0.4,0,-0.2,-3,-1
18131,IN,Pulaski County,6,6,4,4,3,"13,402","13,386","13,326","13,230","13,011","12,941","12,918","12,796","12,598","12,518","12,469",-60,-96,-219,-70,-23,-122,-198,-80,-49,42,145,113,150,139,132,133,135,128,49,162,144,170,134,144,152,141,136,-7,-17,-31,-20,5,-12,-19,-6,-8,1,1,1,4,4,2,2,1,1,-58,-80,-194,-54,-30,-112,-183,-74,-42,-57,-79,-193,-50,-26,-110,-181,-73,-41,4,0,5,0,-2,0,2,-1,0,193,193,193,193,193,193,193,193,193,193,10.9,8.6,11.6,10.8,10.3,10.5,10.8,10.2,12.2,11,13.1,10.4,11.2,12,11.2,10.9,-1.3,-2.4,-1.5,0.4,-0.9,-1.5,-0.5,-0.6,0.1,0.1,0.3,0.3,0.2,0.2,0.1,0.1,-6,-14.8,-4.2,-2.3,-8.7,-14.4,-5.9,-3.4,-5.9,-14.7,-3.9,-2,-8.6,-14.3,-5.8,-3.3
18133,IN,Putnam County,1,1,1,1,0,"37,963","37,952","37,914","37,908","37,720","37,592","37,673","37,484","37,251","37,610","37,779",-38,-6,-188,-128,81,-189,-233,359,169,72,360,334,376,360,350,376,387,402,66,333,329,368,370,341,367,355,345,6,27,5,8,-10,9,9,32,57,9,32,45,28,33,22,35,23,23,-52,-61,-246,-163,62,-221,-279,307,91,-43,-29,-201,-135,95,-199,-244,330,114,-1,-4,8,-1,-4,1,2,-3,-2,"5,424","5,424","5,423","5,339","5,334","5,383","5,278","4,964","4,906","5,022",9.5,8.8,10,9.6,9.3,10.1,10.3,10.7,8.8,8.7,9.8,9.8,9.1,9.8,9.5,9.2,0.7,0.1,0.2,-0.3,0.2,0.2,0.9,1.5,0.8,1.2,0.7,0.9,0.6,0.9,0.6,0.6,-1.6,-6.5,-4.3,1.6,-5.9,-7.5,8.2,2.4,-0.8,-5.3,-3.6,2.5,-5.3,-6.5,8.8,3
18135,IN,Randolph County,6,6,6,6,3,"26,171","26,176","26,178","26,029","25,856","25,617","25,329","25,134","25,110","24,954","24,851",2,-149,-173,-239,-288,-195,-24,-156,-103,88,289,326,301,299,307,298,278,286,42,278,319,294,323,281,268,280,277,46,11,7,7,-24,26,30,-2,9,0,-5,-5,0,6,6,13,7,6,-44,-158,-178,-247,-275,-228,-66,-160,-116,-44,-163,-183,-247,-269,-222,-53,-153,-110,0,3,3,1,5,1,-1,-1,-2,329,329,329,329,329,329,329,329,329,329,11.1,12.6,11.7,11.7,12.2,11.9,11.1,11.5,10.6,12.3,11.4,12.7,11.1,10.7,11.2,11.1,0.4,0.3,0.3,-0.9,1,1.2,-0.1,0.4,-0.2,-0.2,0,0.2,0.2,0.5,0.3,0.2,-6.1,-6.9,-9.6,-10.8,-9,-2.6,-6.4,-4.7,-6.2,-7.1,-9.6,-10.6,-8.8,-2.1,-6.1,-4.4
18137,IN,Ripley County,6,6,4,4,0,"28,818","28,814","28,816","28,642","28,446","28,296","28,341","28,377","28,398","28,485","28,523",2,-174,-196,-150,45,36,21,87,38,102,337,338,330,325,311,335,351,336,82,315,290,327,303,301,292,290,294,20,22,48,3,22,10,43,61,42,4,23,26,15,24,15,24,15,15,-20,-223,-272,-169,2,14,-45,14,-18,-16,-200,-246,-154,26,29,-21,29,-3,-2,4,2,1,-3,-3,-1,-3,-1,449,449,449,449,449,449,449,449,449,449,11.7,11.8,11.6,11.5,11,11.8,12.3,11.8,11,10.2,11.5,10.7,10.6,10.3,10.2,10.3,0.8,1.7,0.1,0.8,0.4,1.5,2.1,1.5,0.8,0.9,0.5,0.8,0.5,0.8,0.5,0.5,-7.8,-9.5,-6,0.1,0.5,-1.6,0.5,-0.6,-7,-8.6,-5.4,0.9,1,-0.7,1,-0.1
18139,IN,Rush County,6,6,4,4,0,"17,392","17,392","17,384","17,283","17,107","16,996","16,845","16,710","16,642","16,659","16,663",-8,-101,-176,-111,-151,-135,-68,17,4,46,169,176,186,178,199,196,196,198,32,202,174,218,178,209,189,196,185,14,-33,2,-32,0,-10,7,0,13,0,-2,-3,-1,3,2,5,3,3,-21,-66,-179,-77,-155,-129,-79,15,-12,-21,-68,-182,-78,-152,-127,-74,18,-9,-1,0,4,-1,1,2,-1,-1,0,178,178,178,178,178,178,178,178,178,178,9.7,10.2,10.9,10.5,11.9,11.8,11.8,11.9,11.7,10.1,12.8,10.5,12.5,11.3,11.8,11.1,-1.9,0.1,-1.9,0,-0.6,0.4,0,0.8,-0.1,-0.2,-0.1,0.2,0.1,0.3,0.2,0.2,-3.8,-10.4,-4.5,-9.2,-7.7,-4.7,0.9,-0.7,-3.9,-10.6,-4.6,-9,-7.6,-4.4,1.1,-0.5
18141,IN,St. Joseph County,2,2,2,2,0,"266,931","266,925","266,809","266,696","266,496","266,984","267,749","268,203","269,484","269,994","270,771",-116,-113,-200,488,765,454,"1,281",510,777,875,"3,542","3,509","3,589","3,445","3,502","3,527","3,548","3,504",604,"2,542","2,522","2,522","2,632","2,659","2,589","2,632","2,493",271,"1,000",987,"1,067",813,843,938,916,"1,011",114,350,457,476,554,426,718,496,523,-510,"-1,471","-1,650","-1,042",-569,-790,-364,-896,-752,-396,"-1,121","-1,193",-566,-15,-364,354,-400,-229,9,8,6,-13,-33,-25,-11,-6,-5,"11,272","11,272","11,273","11,271","11,296","11,295","11,324","11,316","11,296","11,339",13.3,13.2,13.5,12.9,13.1,13.1,13.2,13,9.5,9.5,9.5,9.8,9.9,9.6,9.8,9.2,3.7,3.7,4,3,3.1,3.5,3.4,3.7,1.3,1.7,1.8,2.1,1.6,2.7,1.8,1.9,-5.5,-6.2,-3.9,-2.1,-2.9,-1.4,-3.3,-2.8,-4.2,-4.5,-2.1,-0.1,-1.4,1.3,-1.5,-0.8
18143,IN,Scott County,6,1,3,1,3,"24,181","24,187","24,164","23,897","23,715","23,747","23,629","23,657","23,699","23,853","23,878",-23,-267,-182,32,-118,28,42,154,25,64,289,282,281,279,272,294,294,285,90,296,301,299,287,312,294,313,309,-26,-7,-19,-18,-8,-40,0,-19,-24,0,-4,3,9,19,19,32,24,24,5,-259,-169,44,-130,52,10,150,27,5,-263,-166,53,-111,71,42,174,51,-2,3,3,-3,1,-3,0,-1,-2,312,312,312,312,312,312,312,312,312,312,12,11.8,11.8,11.8,11.5,12.4,12.4,11.9,12.3,12.6,12.6,12.1,13.2,12.4,13.2,12.9,-0.3,-0.8,-0.8,-0.3,-1.7,0,-0.8,-1,-0.2,0.1,0.4,0.8,0.8,1.4,1,1,-10.8,-7.1,1.9,-5.5,2.2,0.4,6.3,1.1,-10.9,-7,2.2,-4.7,3,1.8,7.3,2.1
18145,IN,Shelby County,1,1,1,1,3,"44,436","44,396","44,315","44,290","44,271","44,351","44,374","44,364","44,259","44,404","44,593",-81,-25,-19,80,23,-10,-105,145,189,132,538,517,470,515,512,495,487,484,135,472,420,433,429,432,438,479,442,-3,66,97,37,86,80,57,8,42,8,35,9,2,20,20,36,26,27,-88,-124,-121,47,-77,-106,-198,116,123,-80,-89,-112,49,-57,-86,-162,142,150,2,-2,-4,-6,-6,-4,0,-5,-3,683,683,683,683,683,683,683,683,683,683,12.1,11.7,10.6,11.6,11.5,11.2,11,10.9,10.7,9.5,9.8,9.7,9.7,9.9,10.8,9.9,1.5,2.2,0.8,1.9,1.8,1.3,0.2,0.9,0.8,0.2,0,0.5,0.5,0.8,0.6,0.6,-2.8,-2.7,1.1,-1.7,-2.4,-4.5,2.6,2.8,-2,-2.5,1.1,-1.3,-1.9,-3.7,3.2,3.4
18147,IN,Spencer County,8,8,7,7,0,"20,952","20,952","20,912","20,964","20,780","20,759","20,758","20,639","20,491","20,417","20,327",-40,52,-184,-21,-1,-119,-148,-74,-90,49,235,234,206,218,246,194,190,194,56,187,184,207,149,190,220,217,238,-7,48,50,-1,69,56,-26,-27,-44,0,0,0,1,0,0,0,0,0,-31,3,-238,-19,-71,-177,-120,-47,-45,-31,3,-238,-18,-71,-177,-120,-47,-45,-2,1,4,-2,1,2,-2,0,-1,368,368,368,368,368,368,368,368,368,368,11.2,11.2,9.9,10.5,11.9,9.4,9.3,9.5,8.9,8.8,10,7.2,9.2,10.7,10.6,11.7,2.3,2.4,0,3.3,2.7,-1.3,-1.3,-2.2,0,0,0,0,0,0,0,0,0.1,-11.4,-0.9,-3.4,-8.6,-5.8,-2.3,-2.2,0.1,-11.4,-0.9,-3.4,-8.6,-5.8,-2.3,-2.2
18149,IN,Starke County,6,6,6,4,0,"23,363","23,362","23,345","23,167","23,156","23,138","22,953","22,857","23,015","22,944","22,935",-17,-178,-11,-18,-185,-96,158,-71,-9,62,271,266,253,253,285,271,256,256,81,265,274,247,302,297,262,253,279,-19,6,-8,6,-49,-12,9,3,-23,0,-3,-2,-1,-2,-1,-1,-1,-1,4,-181,4,-22,-132,-80,150,-71,16,4,-184,2,-23,-134,-81,149,-72,15,-2,0,-5,-1,-2,-3,0,-2,-1,16,16,16,16,16,16,16,16,16,16,11.7,11.5,10.9,11,12.4,11.8,11.1,11.2,11.4,11.8,10.7,13.1,13,11.4,11,12.2,0.3,-0.3,0.3,-2.1,-0.5,0.4,0.1,-1,-0.1,-0.1,0,-0.1,0,0,0,0,-7.8,0.2,-1,-5.7,-3.5,6.5,-3.1,0.7,-7.9,0.1,-1,-5.8,-3.5,6.5,-3.1,0.7
18151,IN,Steuben County,7,7,8,8,3,"34,185","34,173","34,136","34,091","34,182","34,397","34,517","34,491","34,354","34,421","34,586",-37,-45,91,215,120,-26,-137,67,165,84,366,356,379,385,389,416,412,406,64,292,284,313,310,330,332,340,344,20,74,72,66,75,59,84,72,62,1,-3,11,20,11,-5,14,8,8,-58,-115,13,131,43,-76,-233,-11,97,-57,-118,24,151,54,-81,-219,-3,105,0,-1,-5,-2,-9,-4,-2,-2,-2,"1,300","1,300","1,300","1,300","1,301","1,303","1,304","1,304","1,307","1,309",10.7,10.4,11.1,11.2,11.3,12.1,12,11.8,8.6,8.3,9.1,9,9.6,9.6,9.9,10,2.2,2.1,1.9,2.2,1.7,2.4,2.1,1.8,-0.1,0.3,0.6,0.3,-0.1,0.4,0.2,0.2,-3.4,0.4,3.8,1.2,-2.2,-6.8,-0.3,2.8,-3.5,0.7,4.4,1.6,-2.3,-6.4,-0.1,3
18153,IN,Sullivan County,3,3,2,2,2,"21,475","21,475","21,389","21,216","21,202","21,137","20,993","20,870","20,709","20,699","20,690",-86,-173,-14,-65,-144,-123,-161,-10,-9,53,227,244,239,246,227,203,191,191,94,239,231,221,240,267,238,216,204,-41,-12,13,18,6,-40,-35,-25,-13,-1,-1,2,1,-1,-2,-2,-2,-2,-48,-162,-29,-81,-151,-79,-124,19,6,-49,-163,-27,-80,-152,-81,-126,17,4,4,2,0,-3,2,-2,0,-2,0,"2,298","2,264","2,244","2,209","2,230","2,213","2,182","2,174","2,179","2,228",10.7,11.5,11.3,11.7,10.8,9.8,9.2,9.2,11.2,10.9,10.4,11.4,12.8,11.4,10.4,9.9,-0.6,0.6,0.9,0.3,-1.9,-1.7,-1.2,-0.6,0,0.1,0,0,-0.1,-0.1,-0.1,-0.1,-7.6,-1.4,-3.8,-7.2,-3.8,-6,0.9,0.3,-7.7,-1.3,-3.8,-7.2,-3.9,-6.1,0.8,0.2
18155,IN,Switzerland County,8,8,4,4,5,"10,613","10,666","10,696","10,610","10,441","10,576","10,543","10,589","10,615","10,674","10,717",30,-86,-169,135,-33,46,26,59,43,34,126,126,112,135,130,126,124,118,14,109,112,88,110,120,95,94,110,20,17,14,24,25,10,31,30,8,2,2,0,12,11,5,12,8,8,9,-106,-188,100,-71,33,-17,22,28,11,-104,-188,112,-60,38,-5,30,36,-1,1,5,-1,2,-2,0,-1,-1,107,107,107,107,107,107,107,107,107,107,11.8,12,10.7,12.8,12.3,11.9,11.6,11,10.2,10.6,8.4,10.4,11.4,9,8.8,10.3,1.6,1.3,2.3,2.4,0.9,2.9,2.8,0.7,0.2,0,1.1,1,0.5,1.1,0.8,0.7,-10,-17.9,9.5,-6.7,3.1,-1.6,2.1,2.6,-9.8,-17.9,10.7,-5.7,3.6,-0.5,2.8,3.4
18157,IN,Tippecanoe County,3,3,2,2,4,"172,780","172,803","173,102","175,858","179,134","181,977","184,466","186,783","190,504","191,670","193,048",299,"2,756","3,276","2,843","2,489","2,317","3,721","1,166","1,378",556,"2,132","2,279","2,302","2,211","2,383","2,376","2,365","2,318",234,"1,082","1,154","1,114","1,114","1,192","1,170","1,215","1,190",322,"1,050","1,125","1,188","1,097","1,191","1,206","1,150","1,128",315,"1,482","1,710","1,513","1,695","1,383","2,081","1,432","1,425",-348,246,461,167,-278,-242,434,"-1,430","-1,188",-33,"1,728","2,171","1,680","1,417","1,141","2,515",2,237,10,-22,-20,-25,-25,-15,0,14,13,"14,463","14,460","14,483","14,632","14,601","14,767","15,152","16,095","15,851","15,858",12.2,12.8,12.7,12.1,12.8,12.6,12.4,12.1,6.2,6.5,6.2,6.1,6.4,6.2,6.4,6.2,6,6.3,6.6,6,6.4,6.4,6,5.9,8.5,9.6,8.4,9.3,7.5,11,7.5,7.4,1.4,2.6,0.9,-1.5,-1.3,2.3,-7.5,-6.2,9.9,12.2,9.3,7.7,6.1,13.3,0,1.2
18159,IN,Tipton County,3,6,2,4,0,"15,936","15,936","15,878","15,815","15,659","15,545","15,406","15,252","15,167","15,139","15,128",-58,-63,-156,-114,-139,-154,-85,-28,-11,39,153,147,132,170,150,153,149,156,54,164,179,180,169,182,176,172,159,-15,-11,-32,-48,1,-32,-23,-23,-3,0,-1,-1,1,11,5,9,6,5,-44,-49,-129,-65,-152,-130,-70,-10,-12,-44,-50,-130,-64,-141,-125,-61,-4,-7,1,-2,6,-2,1,3,-1,-1,-1,205,205,205,205,205,205,205,205,205,205,9.7,9.3,8.5,11,9.8,10.1,9.8,10.3,10.3,11.4,11.5,10.9,11.9,11.6,11.4,10.5,-0.7,-2,-3.1,0.1,-2.1,-1.5,-1.5,-0.2,-0.1,-0.1,0.1,0.7,0.3,0.6,0.4,0.3,-3.1,-8.2,-4.2,-9.8,-8.5,-4.6,-0.7,-0.8,-3.2,-8.3,-4.1,-9.1,-8.2,-4,-0.3,-0.5
18161,IN,Union County,8,1,4,1,0,"7,516","7,516","7,537","7,495","7,352","7,307","7,241","7,185","7,140","7,162","7,037",21,-42,-143,-45,-66,-56,-45,22,-125,19,80,72,63,76,80,68,68,67,8,73,59,77,76,72,72,73,70,11,7,13,-14,0,8,-4,-5,-3,0,-1,-1,0,-9,-9,-9,-9,-9,11,-49,-159,-32,-57,-55,-32,38,-114,11,-50,-160,-32,-66,-64,-41,29,-123,-1,1,4,1,0,0,0,-2,1,67,67,67,67,67,67,67,67,67,67,10.6,9.7,8.6,10.4,11.1,9.5,9.5,9.4,9.7,7.9,10.5,10.4,10,10.1,10.2,9.9,0.9,1.8,-1.9,0,1.1,-0.6,-0.7,-0.4,-0.1,-0.1,0,-1.2,-1.2,-1.3,-1.3,-1.3,-6.5,-21.4,-4.4,-7.8,-7.6,-4.5,5.3,-16.1,-6.7,-21.6,-4.4,-9.1,-8.9,-5.7,4.1,-17.3
18163,IN,Vanderburgh County,2,2,2,2,0,"179,703","179,703","179,842","180,450","181,031","181,581","181,935","181,449","181,306","180,900","180,974",139,608,581,550,354,-486,-143,-406,74,628,"2,245","2,319","2,312","2,235","2,243","2,241","2,226","2,158",478,"1,816","1,853","1,964","1,941","1,985","1,938","1,940","1,890",150,429,466,348,294,258,303,286,268,29,126,203,139,110,48,113,50,48,-16,71,-66,84,-15,-777,-550,-732,-230,13,197,137,223,95,-729,-437,-682,-182,-24,-18,-22,-21,-35,-15,-9,-10,-12,"7,531","7,531","7,526","7,413","7,348","7,329","7,169","7,184","7,072","7,077",12.5,12.8,12.8,12.3,12.3,12.4,12.3,11.9,10.1,10.3,10.8,10.7,10.9,10.7,10.7,10.4,2.4,2.6,1.9,1.6,1.4,1.7,1.6,1.5,0.7,1.1,0.8,0.6,0.3,0.6,0.3,0.3,0.4,-0.4,0.5,-0.1,-4.3,-3,-4,-1.3,1.1,0.8,1.2,0.5,-4,-2.4,-3.8,-1
18165,IN,Vermillion County,3,3,2,2,3,"16,212","16,210","16,116","16,069","15,923","15,853","15,658","15,592","15,586","15,487","15,479",-94,-47,-146,-70,-195,-66,-6,-99,-8,34,181,153,165,157,164,162,151,148,67,237,216,182,206,228,230,174,199,-33,-56,-63,-17,-49,-64,-68,-23,-51,0,1,1,10,9,7,13,7,7,-63,9,-86,-64,-155,-8,50,-82,37,-63,10,-85,-54,-146,-1,63,-75,44,2,-1,2,1,0,-1,-1,-1,-1,209,209,209,209,209,209,209,209,209,209,11.2,9.6,10.4,10,10.5,10.4,9.7,9.6,14.7,13.5,11.5,13.1,14.6,14.8,11.2,12.9,-3.5,-3.9,-1.1,-3.1,-4.1,-4.4,-1.5,-3.3,0.1,0.1,0.6,0.6,0.4,0.8,0.5,0.5,0.6,-5.4,-4,-9.8,-0.5,3.2,-5.3,2.4,0.6,-5.3,-3.4,-9.3,-0.1,4,-4.8,2.8
18167,IN,Vigo County,3,3,2,2,0,"107,848","107,848","107,883","108,343","108,568","108,242","107,960","107,586","107,851","107,681","107,386",35,460,225,-326,-282,-374,265,-170,-295,330,"1,324","1,262","1,268","1,337","1,289","1,286","1,265","1,254",321,"1,138","1,085","1,201","1,110","1,145","1,157","1,148","1,181",9,186,177,67,227,144,129,117,73,49,169,196,121,134,118,196,123,124,-8,120,-130,-512,-639,-634,-61,-410,-488,41,289,66,-391,-505,-516,135,-287,-364,-15,-15,-18,-2,-4,-2,1,0,-4,"9,545","9,549","9,549","9,563","9,566","9,566","9,568","9,573","9,581","9,587",12.2,11.6,11.7,12.4,12,11.9,11.7,11.7,10.5,10,11.1,10.3,10.6,10.7,10.7,11,1.7,1.6,0.6,2.1,1.3,1.2,1.1,0.7,1.6,1.8,1.1,1.2,1.1,1.8,1.1,1.2,1.1,-1.2,-4.7,-5.9,-5.9,-0.6,-3.8,-4.5,2.7,0.6,-3.6,-4.7,-4.8,1.3,-2.7,-3.4
18169,IN,Wabash County,6,6,5,5,3,"32,888","32,888","32,848","32,563","32,385","32,270","32,101","31,859","31,504","31,410","31,280",-40,-285,-178,-115,-169,-242,-355,-94,-130,81,367,352,342,333,325,344,364,343,87,410,416,446,411,421,425,427,404,-6,-43,-64,-104,-78,-96,-81,-63,-61,2,1,21,8,-3,1,4,2,2,-35,-247,-133,-17,-88,-147,-278,-31,-71,-33,-246,-112,-9,-91,-146,-274,-29,-69,-1,4,-2,-2,0,0,0,-2,0,"1,839","1,839","1,839","1,839","1,839","1,839","1,840","1,840","1,842","1,843",11.2,10.8,10.6,10.3,10.2,10.9,11.6,10.9,12.5,12.8,13.8,12.8,13.2,13.4,13.6,12.9,-1.3,-2,-3.2,-2.4,-3,-2.6,-2,-1.9,0,0.6,0.2,-0.1,0,0.1,0.1,0.1,-7.6,-4.1,-0.5,-2.7,-4.6,-8.8,-1,-2.3,-7.5,-3.4,-0.3,-2.8,-4.6,-8.6,-0.9,-2.2
18171,IN,Warren County,8,8,7,7,1,"8,508","8,511","8,521","8,469","8,391","8,369","8,339","8,270","8,164","8,198","8,263",10,-52,-78,-22,-30,-69,-106,34,65,24,96,114,76,87,85,80,80,80,4,71,72,72,77,90,89,87,85,20,25,42,4,10,-5,-9,-7,-5,0,4,2,4,2,0,2,3,3,-9,-82,-124,-29,-44,-64,-99,38,67,-9,-78,-122,-25,-42,-64,-97,41,70,-1,1,2,-1,2,0,0,0,0,84,84,84,84,84,84,84,84,84,84,11.3,13.5,9.1,10.4,10.2,9.7,9.8,9.7,8.4,8.5,8.6,9.2,10.8,10.8,10.6,10.3,2.9,5,0.5,1.2,-0.6,-1.1,-0.9,-0.6,0.5,0.2,0.5,0.2,0,0.2,0.4,0.4,-9.7,-14.7,-3.5,-5.3,-7.7,-12,4.6,8.1,-9.2,-14.5,-3,-5,-7.7,-11.8,5,8.5
18173,IN,Warrick County,2,2,2,2,0,"59,689","59,689","59,841","60,196","60,347","60,853","60,959","61,545","62,066","62,505","62,567",152,355,151,506,106,586,521,439,62,165,664,637,644,616,686,660,637,629,127,499,464,573,482,552,558,591,603,38,165,173,71,134,134,102,46,26,16,55,70,64,61,62,91,58,55,98,141,-91,379,-87,396,334,343,-17,114,196,-21,443,-26,458,425,401,38,0,-6,-1,-8,-2,-6,-6,-8,-2,726,726,726,726,726,726,726,726,727,727,11.1,10.6,10.6,10.1,11.2,10.7,10.2,10.1,8.3,7.7,9.5,7.9,9,9,9.5,9.6,2.7,2.9,1.2,2.2,2.2,1.7,0.7,0.4,0.9,1.2,1.1,1,1,1.5,0.9,0.9,2.3,-1.5,6.3,-1.4,6.5,5.4,5.5,-0.3,3.3,-0.3,7.3,-0.4,7.5,6.9,6.4,0.6
18175,IN,Washington County,1,1,1,1,3,"28,262","28,262","28,300","28,201","27,919","27,785","27,892","27,779","27,734","27,788","27,943",38,-99,-282,-134,107,-113,-45,54,155,71,297,304,309,346,326,326,304,308,52,302,303,290,291,302,359,300,299,19,-5,1,19,55,24,-33,4,9,1,10,1,-2,0,0,0,0,0,22,-105,-290,-149,57,-135,-11,51,148,23,-95,-289,-151,57,-135,-11,51,148,-4,1,6,-2,-5,-2,-1,-1,-2,261,261,261,261,261,261,261,261,261,261,10.5,10.8,11.1,12.4,11.7,11.7,11,11.1,10.7,10.8,10.4,10.5,10.8,12.9,10.8,10.7,-0.2,0,0.7,2,0.9,-1.2,0.1,0.3,0.4,0,-0.1,0,0,0,0,0,-3.7,-10.3,-5.3,2,-4.8,-0.4,1.8,5.3,-3.4,-10.3,-5.4,2,-4.8,-0.4,1.8,5.3
18177,IN,Wayne County,5,5,8,8,0,"68,917","68,996","68,890","68,628","68,221","67,783","67,377","66,965","66,609","66,178","65,936",-106,-262,-407,-438,-406,-412,-356,-431,-242,171,844,816,803,731,815,767,724,712,194,734,819,832,870,911,863,844,877,-23,110,-3,-29,-139,-96,-96,-120,-165,-3,-29,1,13,44,19,51,33,37,-78,-343,-408,-421,-305,-332,-308,-344,-111,-81,-372,-407,-408,-261,-313,-257,-311,-74,-2,0,3,-1,-6,-3,-3,0,-3,"2,700","2,699","2,699","2,698","2,699","2,700","2,703","2,703","2,704","2,705",12.3,11.9,11.8,10.8,12.1,11.5,10.9,10.8,10.7,12,12.2,12.9,13.6,12.9,12.7,13.3,1.6,0,-0.4,-2.1,-1.4,-1.4,-1.8,-2.5,-0.4,0,0.2,0.7,0.3,0.8,0.5,0.6,-5,-6,-6.2,-4.5,-4.9,-4.6,-5.2,-1.7,-5.4,-5.9,-6,-3.9,-4.7,-3.8,-4.7,-1.1
18179,IN,Wells County,2,2,2,2,3,"27,636","27,637","27,681","27,735","27,706","27,716","27,816","27,847","27,854","28,014","28,206",44,54,-29,10,100,31,7,160,192,98,330,370,336,340,327,353,368,363,44,259,267,283,276,315,282,260,244,54,71,103,53,64,12,71,108,119,3,18,18,15,26,13,23,16,16,-10,-35,-149,-58,15,8,-87,37,61,-7,-17,-131,-43,41,21,-64,53,77,-3,0,-1,0,-5,-2,0,-1,-4,472,472,472,472,472,472,472,472,472,472,11.9,13.3,12.1,12.2,11.7,12.7,13.2,12.9,9.3,9.6,10.2,9.9,11.3,10.1,9.3,8.7,2.6,3.7,1.9,2.3,0.4,2.5,3.9,4.2,0.6,0.6,0.5,0.9,0.5,0.8,0.6,0.6,-1.3,-5.4,-2.1,0.5,0.3,-3.1,1.3,2.2,-0.6,-4.7,-1.6,1.5,0.8,-2.3,1.9,2.7
18181,IN,White County,6,6,6,6,3,"24,643","24,643","24,687","24,595","24,469","24,404","24,436","24,278","24,075","24,165","24,133",44,-92,-126,-65,32,-158,-203,90,-32,76,286,295,285,291,275,301,303,301,34,269,240,299,252,312,285,285,286,42,17,55,-14,39,-37,16,18,15,5,8,2,11,19,18,26,19,20,0,-116,-185,-60,-22,-140,-245,55,-66,5,-108,-183,-49,-3,-122,-219,74,-46,-3,-1,2,-2,-4,1,0,-2,-1,307,307,307,307,307,307,307,307,307,307,11.6,12,11.7,11.9,11.3,12.5,12.6,12.5,10.9,9.8,12.2,10.3,12.8,11.8,11.8,11.8,0.7,2.2,-0.6,1.6,-1.5,0.7,0.7,0.6,0.3,0.1,0.5,0.8,0.7,1.1,0.8,0.8,-4.7,-7.5,-2.5,-0.9,-5.7,-10.1,2.3,-2.7,-4.4,-7.5,-2,-0.1,-5,-9.1,3.1,-1.9
18183,IN,Whitley County,2,2,2,2,3,"33,292","33,290","33,356","33,357","33,337","33,286","33,447","33,453","33,493","33,777","34,074",66,1,-20,-51,161,6,40,284,297,111,389,369,360,412,393,402,407,402,63,319,309,278,311,322,291,306,311,48,70,60,82,101,71,111,101,91,4,17,9,10,16,12,20,11,10,19,-87,-89,-143,50,-73,-89,172,201,23,-70,-80,-133,66,-61,-69,183,211,-5,1,0,0,-6,-4,-2,0,-5,436,436,436,436,436,436,436,436,436,436,11.7,11.1,10.8,12.3,11.7,12,12.1,11.8,9.6,9.3,8.3,9.3,9.6,8.7,9.1,9.2,2.1,1.8,2.5,3,2.1,3.3,3,2.7,0.5,0.3,0.3,0.5,0.4,0.6,0.3,0.3,-2.6,-2.7,-4.3,1.5,-2.2,-2.7,5.1,5.9,-2.1,-2.4,-4,2,-1.8,-2.1,5.4,6.2
